id,user_id,course_id,certificate_number,issued_at
0064c359-c1b0-42f5-9f4f-fdcdbffed878,0acda694-f606-4b29-85db-913bd0f4cdb1,6007726b-5758-498b-9fc1-a4678e61d9e6,CERT-2569-94175,2026-07-25 10:02:28.136418+00
008a46bf-744a-4e7e-a623-a930e520cf63,95735229-fc26-4fc3-95c7-10203733b02c,a109394f-8232-4cfb-a47e-35a2d26ea230,CERT-2569-07488,2026-07-30 06:45:48.110685+00
010ac8c6-33e9-472b-afe6-7bb2c310316a,777707f9-3dd8-4333-a9bc-4bfad46bca8f,e34c0a3a-3e74-4a18-86c9-0e8dd42a6dff,CERT-2569-38965,2026-07-23 06:23:18.130048+00
01291ccb-2758-40e0-9f6a-b5a7988d76e6,d2e30207-2f63-44c4-9866-1ddfd6eb4b2e,a109394f-8232-4cfb-a47e-35a2d26ea230,CERT-2569-40751,2026-07-29 16:11:26.298119+00
01317aff-fe80-4f6d-8b6f-bb38a3c9b4eb,1918c91e-9575-438e-beff-e08ab537d9be,6007726b-5758-498b-9fc1-a4678e61d9e6,CERT-2569-35057,2026-08-07 06:42:03.237083+00
01692486-90bc-4081-a496-c8642fe45868,c237779d-d1ca-4ce2-8287-5beb4af532cc,e34c0a3a-3e74-4a18-86c9-0e8dd42a6dff,CERT-2569-43598,2026-07-24 00:37:16.245513+00
018567ae-565f-4c3d-8741-1bec4ac4d4c6,4dc4aa0e-d1b9-44a9-99db-4a45763016aa,6007726b-5758-498b-9fc1-a4678e61d9e6,CERT-2569-75275,2026-08-03 02:04:29.972129+00
022a8c6d-9517-433c-aa7f-80feb4628142,0f538acc-6a00-4772-be98-dd493d81a492,6007726b-5758-498b-9fc1-a4678e61d9e6,CERT-2569-46297,2026-07-27 12:17:56.916048+00
0265d119-7597-4dd9-b55d-5f6ffd91498a,777707f9-3dd8-4333-a9bc-4bfad46bca8f,a109394f-8232-4cfb-a47e-35a2d26ea230,CERT-2569-99536,2026-07-23 06:40:47.681885+00
02777ecf-2e14-46d4-bd25-6dedda4b32ad,9c4fbc2b-9f63-4458-abb3-b8b48688a185,6007726b-5758-498b-9fc1-a4678e61d9e6,CERT-2569-75677,2026-07-25 07:32:15.92426+00
027ac0fc-715a-43c6-863d-a54de31935f9,bd479c1b-75b3-42f6-8f44-fe596b01b9ba,6007726b-5758-498b-9fc1-a4678e61d9e6,CERT-2569-43074,2026-08-01 05:02:19.363237+00
028a292a-70f3-4f26-8d43-3d558449eb97,c08868e2-3d84-44c9-8127-932e496737e0,a109394f-8232-4cfb-a47e-35a2d26ea230,CERT-2569-96285,2026-07-23 06:08:07.558196+00
02a2ff93-0699-4dcd-980f-6043d17e117d,f8771650-10ef-4233-a4cf-ba0d56316a70,a109394f-8232-4cfb-a47e-35a2d26ea230,CERT-2569-11999,2026-07-26 08:36:39.461407+00
02cba708-95df-44be-bbea-3ff64dce2d13,2c9535a0-20ab-4878-aff0-ce8b13b5f635,a109394f-8232-4cfb-a47e-35a2d26ea230,CERT-2569-29572,2026-07-25 14:43:55.789954+00
030b8f7b-13cf-4364-bbab-fa7f9de3a7f6,59eb0f28-aa16-4445-b262-d55e25fb8767,a109394f-8232-4cfb-a47e-35a2d26ea230,CERT-2569-44819,2026-07-24 07:32:59.462463+00
031c1e4c-f11f-4c6b-90e1-8b715c1aed2f,61aed65f-214c-4a89-91d4-d4ea06ad1937,a109394f-8232-4cfb-a47e-35a2d26ea230,CERT-2569-01932,2026-08-05 04:34:38.558182+00
0354f41f-7ae3-4456-98ef-242f1767b2f4,8a346216-d4ad-433e-b239-84402080d3a7,6007726b-5758-498b-9fc1-a4678e61d9e6,CERT-2569-36858,2026-08-02 14:39:26.037642+00
0396caee-d591-4fff-9de3-310606ca2845,836e3021-736b-4a08-9340-c06003876699,6007726b-5758-498b-9fc1-a4678e61d9e6,CERT-2569-66468,2026-07-23 06:54:11.395191+00
03d2fdfd-e4b8-4e8a-bfbc-a6b278d2a0a9,96482921-68ce-4f88-a3ee-096821196f01,a109394f-8232-4cfb-a47e-35a2d26ea230,CERT-2569-70613,2026-07-23 07:29:44.736363+00
04808980-12e1-4ab6-b1b0-0a668040546e,3d2e6c1b-f05e-4a65-9a0c-d06d18466006,e34c0a3a-3e74-4a18-86c9-0e8dd42a6dff,CERT-2569-80995,2026-07-23 06:32:55.473956+00
04cbbb37-6163-4641-95f3-696c64081d73,22ee4b06-dff7-434c-8d05-1cdac8341f35,a109394f-8232-4cfb-a47e-35a2d26ea230,CERT-2569-87782,2026-08-05 10:04:16.49722+00
04dd6b09-9693-4195-8dcf-8cd4a12cf9b7,0108924a-07cb-4f17-8a1f-076cfb066157,e34c0a3a-3e74-4a18-86c9-0e8dd42a6dff,CERT-2569-56061,2026-08-05 04:14:13.746624+00
05338e20-97b7-4402-b2ef-825bd6f525f0,4dc9a33b-6b02-44f1-a8cc-132d84854ffc,e34c0a3a-3e74-4a18-86c9-0e8dd42a6dff,CERT-2569-70011,2026-07-31 07:59:23.75976+00
05352507-a9f9-4b20-b0e1-8297f4f47c7d,8d6f6a58-e54f-4961-bf0e-e3268f5c1eca,a109394f-8232-4cfb-a47e-35a2d26ea230,CERT-2569-35152,2026-07-07 07:14:34.522278+00
055e6d71-d9c2-479b-bf40-72ff61139168,37a7ca0d-7ae5-4a7c-bd74-3c8b725167a9,6007726b-5758-498b-9fc1-a4678e61d9e6,CERT-2569-93397,2026-08-01 07:50:39.889565+00
055ebbf1-69d4-479e-8847-d4a89a7689f1,eb80bfce-193a-4966-bda5-87a6e1c7b871,6007726b-5758-498b-9fc1-a4678e61d9e6,CERT-2569-22874,2026-08-04 06:49:37.949+00
0582107c-2bdc-4599-9e25-224d4fdc646a,582e44de-62e2-42aa-8af2-2bebd88cbc9e,a109394f-8232-4cfb-a47e-35a2d26ea230,CERT-2569-03892,2026-07-24 08:42:41.028552+00
05da13c8-f08f-4554-8229-7b9c7d78a655,58f69ff3-cb27-42f4-8e0e-ac0a36bbfe14,a109394f-8232-4cfb-a47e-35a2d26ea230,CERT-2569-43918,2026-08-06 01:57:55.060421+00
06430a4e-19e1-4975-afbe-ae1f678379ad,58167042-074f-4500-8488-ee458c405cf6,e34c0a3a-3e74-4a18-86c9-0e8dd42a6dff,CERT-2569-21452,2026-07-23 04:05:43.861094+00
07167be0-c108-4e98-9a87-ef9751ab6592,53b179c5-c9c7-49a4-a6d5-18b9e7bb7cac,6007726b-5758-498b-9fc1-a4678e61d9e6,CERT-2569-35594,2026-08-05 04:12:27.969956+00
071e171a-b6af-45a1-8109-b3caacd7e54f,6951008d-dd2f-453f-ab1c-6db291cd70c2,a109394f-8232-4cfb-a47e-35a2d26ea230,CERT-2569-77526,2026-07-24 11:29:59.314987+00
07b2fbd1-2c61-4ccf-ba7f-0e1c147e3643,e79a6745-6632-49a2-ac5b-54dab7d1ee01,a109394f-8232-4cfb-a47e-35a2d26ea230,CERT-2569-00828,2026-08-06 03:12:46.126196+00
082a819f-219f-4975-9c5d-ebe053ea07db,cf5375f6-b433-441b-a6e6-4c7ae442c0c3,e34c0a3a-3e74-4a18-86c9-0e8dd42a6dff,CERT-2569-15357,2026-07-29 06:57:13.439772+00
0856990f-b4da-46ae-87e2-080fddba4ced,c08868e2-3d84-44c9-8127-932e496737e0,6007726b-5758-498b-9fc1-a4678e61d9e6,CERT-2569-70316,2026-07-23 05:52:37.3005+00
08d1b10c-23cf-4358-afb4-28b34f8148a1,2c9535a0-20ab-4878-aff0-ce8b13b5f635,e34c0a3a-3e74-4a18-86c9-0e8dd42a6dff,CERT-2569-10481,2026-07-24 17:24:28.043864+00
08f7fec9-10b9-4c68-8ab5-cab400124d49,c191c8e2-3703-4883-aaaa-2bff004318dc,e34c0a3a-3e74-4a18-86c9-0e8dd42a6dff,CERT-2569-08916,2026-07-23 06:31:21.071776+00
09654443-5953-4d2e-b31f-21cf43f43f3c,a5fff52d-3888-4062-a704-62e6cd3776bf,6007726b-5758-498b-9fc1-a4678e61d9e6,CERT-2569-19347,2026-08-04 03:51:09.960108+00
09c782ad-63c2-457c-b5e7-b44d553b0048,f6b49853-a1a8-4f9c-943c-41d319facb72,e34c0a3a-3e74-4a18-86c9-0e8dd42a6dff,CERT-2569-90673,2026-07-27 03:19:28.014397+00
09d822e0-3950-4896-bd47-8abe0f0c69d5,4c71b600-bfef-4eb7-a8b8-a87c7aca0cd4,e34c0a3a-3e74-4a18-86c9-0e8dd42a6dff,CERT-2569-91427,2026-08-04 04:06:55.059298+00
09f4e6e1-5022-4ea1-9e64-791dcbd1eceb,fd2e4702-3ef1-4b76-b33b-f8646f888a89,a109394f-8232-4cfb-a47e-35a2d26ea230,CERT-2569-12348,2026-07-25 03:34:41.101531+00
0a7d5e38-e768-49bb-b81a-eeda6831f70c,53a4e518-653d-450e-baef-0927adec454c,6007726b-5758-498b-9fc1-a4678e61d9e6,CERT-2569-76950,2026-08-02 10:38:59.148314+00
0a8dbd68-996a-4834-9dc8-64d3ac0c5a7b,8dd1b882-b004-4d61-a640-03682c39dd8a,e34c0a3a-3e74-4a18-86c9-0e8dd42a6dff,CERT-2569-94619,2026-07-23 05:25:55.71492+00
0aead86c-c891-43a7-b2ba-9dcbc1eaefde,f73dde9f-dc2c-432b-a13b-dd5d0c7ff948,a109394f-8232-4cfb-a47e-35a2d26ea230,CERT-2569-63298,2026-07-24 09:27:52.55082+00
0afbbbff-e765-45b0-9e3b-e94b02463a52,33b622e2-2613-4ebc-ab15-d79cd7211938,a109394f-8232-4cfb-a47e-35a2d26ea230,CERT-2569-58050,2026-08-03 08:49:09.670862+00
0b708afb-2fb7-44b3-aad1-0e6a053ede03,dd3cabc6-c7f3-4063-9c03-fe2727a2dab4,6007726b-5758-498b-9fc1-a4678e61d9e6,CERT-2569-76873,2026-07-23 08:53:15.073937+00
0b72491f-b220-4bbd-aea3-c9697ce8e831,8d484a47-0bb1-4e16-a0de-21d3107e4313,6007726b-5758-498b-9fc1-a4678e61d9e6,CERT-2569-37782,2026-07-24 09:32:54.479273+00
0ba69b7b-c2f7-4eb2-9b72-dc5b15ec94c0,f22caec9-abf8-40e2-8c20-323a88f25592,a109394f-8232-4cfb-a47e-35a2d26ea230,CERT-2569-49750,2026-07-24 10:19:03.759837+00
0bd7df18-780e-4ae0-8098-fb563833166b,2c1598f7-4b14-4c33-9b54-199826c923fa,a109394f-8232-4cfb-a47e-35a2d26ea230,CERT-2569-69279,2026-07-23 07:00:08.107928+00
0bdd45f8-051c-4975-ab1d-58f9c8441da3,c628c3a1-4d96-49be-a64d-cdf8dfb56378,6007726b-5758-498b-9fc1-a4678e61d9e6,CERT-2569-74585,2026-08-05 02:28:58.305922+00
0c19794e-add9-44dd-ad41-98e1b79d8875,ee43bed2-c9dd-4cbe-9e3e-bb11c4133fb6,a109394f-8232-4cfb-a47e-35a2d26ea230,CERT-2569-52594,2026-07-23 15:06:54.920462+00
0c35053e-5fb0-47c8-8e6f-8de1ca700ece,3fe0fa45-4846-4423-b8b7-49306cdf5323,e34c0a3a-3e74-4a18-86c9-0e8dd42a6dff,CERT-2569-55594,2026-07-29 07:13:45.251759+00
0c4db599-75a8-436f-8c42-c0c5988a9910,e2d71524-85d5-4954-a0ab-684be2e342e3,e34c0a3a-3e74-4a18-86c9-0e8dd42a6dff,CERT-2569-58464,2026-07-28 13:06:21.756412+00
0d3e5f29-1559-4273-97a7-33abd2ec5b08,d6864e90-e1f2-4a1e-8b6f-768e69ccd848,a109394f-8232-4cfb-a47e-35a2d26ea230,CERT-2569-67855,2026-08-01 04:12:00.440937+00
0d4ed629-82ad-46d2-a638-b0dde3a52c80,28cb2c26-ac3d-4c91-af1f-ad2f9e9e07dd,a109394f-8232-4cfb-a47e-35a2d26ea230,CERT-2569-98091,2026-07-18 10:32:29.957768+00
0d772912-d2dc-44de-bfa1-39d695624838,0e6cbf4d-ddd2-4087-9dec-565450b33c7e,6007726b-5758-498b-9fc1-a4678e61d9e6,CERT-2569-17952,2026-07-23 09:01:49.912144+00
0d887635-30e3-43a9-9e9d-25a7862f7d4b,862c21e6-b50a-4976-8272-7a4274ca5744,a109394f-8232-4cfb-a47e-35a2d26ea230,CERT-2569-03013,2026-07-23 07:58:15.200273+00
0e5c3ea9-270b-447a-84cd-586df39074c7,d0bb30b4-b156-4a60-bead-3d27063296ab,6007726b-5758-498b-9fc1-a4678e61d9e6,CERT-2569-98488,2026-07-24 09:06:21.768085+00
0ebdc9ea-cf4a-4193-ad6b-97362da43509,9c4fbc2b-9f63-4458-abb3-b8b48688a185,a109394f-8232-4cfb-a47e-35a2d26ea230,CERT-2569-73424,2026-07-25 07:38:32.344049+00
0f0ccba6-0593-4dbf-a37a-85c8f15ae6fc,816a4473-9243-47f4-a9d4-fe080977f4c4,e34c0a3a-3e74-4a18-86c9-0e8dd42a6dff,CERT-2569-58088,2026-08-04 09:11:17.906375+00
0f11f7c3-856e-42a2-9f72-b67aacf035c9,28f6c8cf-df1e-43da-8fc1-cf9028a8a70f,a109394f-8232-4cfb-a47e-35a2d26ea230,CERT-2569-20011,2026-08-04 16:11:27.209002+00
0fa6dc70-c046-4a06-9e9e-15cf7e1d7e8a,96896897-5941-460e-8e45-d77d401d8358,e34c0a3a-3e74-4a18-86c9-0e8dd42a6dff,CERT-2569-05179,2026-07-25 11:46:14.80738+00
0fee53ff-8e6a-481d-9694-08321ad6e07a,6336c89b-8a8e-41d7-9b17-28bdae565462,6007726b-5758-498b-9fc1-a4678e61d9e6,CERT-2569-66950,2026-07-26 14:27:43.96221+00
102b3073-c5fd-40ad-ac86-7def0fe98c10,2c1598f7-4b14-4c33-9b54-199826c923fa,6007726b-5758-498b-9fc1-a4678e61d9e6,CERT-2569-86515,2026-07-23 07:09:28.103342+00
1038a8be-e6db-4961-a5d9-165c760ee9a8,5ef1a556-2f75-48a1-9f5a-c4877e6e70a1,a109394f-8232-4cfb-a47e-35a2d26ea230,CERT-2569-12662,2026-08-03 08:51:34.818769+00
10603dcb-f52f-48b1-b22a-8b236673f8a9,20279f0a-e561-4f2b-8f85-9a713015729a,6007726b-5758-498b-9fc1-a4678e61d9e6,CERT-2569-31686,2026-07-23 04:03:33.764448+00
10dc4400-e585-43e7-842e-1e50478da823,3503c394-5000-4034-8e1c-4520805e035c,e34c0a3a-3e74-4a18-86c9-0e8dd42a6dff,CERT-2569-01696,2026-07-23 06:09:19.843889+00
118ccec2-52f3-4ea4-909d-5bf89116fb01,501598e3-34f3-4d3f-aa49-0f0e6a308d74,a109394f-8232-4cfb-a47e-35a2d26ea230,CERT-2569-97855,2026-07-31 07:14:02.666081+00
11bb6996-95e6-432e-a791-941e3e484fc0,6a758596-03b6-4c25-aeb3-b95212240596,6007726b-5758-498b-9fc1-a4678e61d9e6,CERT-2569-98343,2026-07-24 07:32:50.814343+00
121ec5ad-e3b7-4983-8a1e-d69258f6ffb0,90b8ae8e-dab6-44b7-90a2-bde0746931e2,6007726b-5758-498b-9fc1-a4678e61d9e6,CERT-2569-48644,2026-07-23 04:41:22.482854+00
127ddbf9-0e5a-4eb8-88f5-0810ccac12bc,8edd6acf-6e7c-459f-915e-111c115032ea,6007726b-5758-498b-9fc1-a4678e61d9e6,CERT-2569-80829,2026-07-23 05:52:04.792772+00
12bf3ae2-1bdb-40ef-8ed1-17b801882bb7,d709b316-f986-4261-afa6-65099142c916,e34c0a3a-3e74-4a18-86c9-0e8dd42a6dff,CERT-2569-48395,2026-08-07 06:29:52.75724+00
12d2f123-6029-46b5-bfe2-78dc0c2c8e84,f0ecbf68-07a4-41e5-8d80-0df2553cefe1,e34c0a3a-3e74-4a18-86c9-0e8dd42a6dff,CERT-2569-59617,2026-07-27 09:23:36.059592+00
131820f7-1dd9-4942-90a9-ed83e248f49b,ed5a2d8d-90fb-4d5b-9f86-3f27cb7f80f1,e34c0a3a-3e74-4a18-86c9-0e8dd42a6dff,CERT-2569-37625,2026-07-29 03:48:08.736212+00
132a3554-3691-4b5c-aa96-cff99beb6317,a360ff02-fb19-4145-993d-3246a03db1d9,e34c0a3a-3e74-4a18-86c9-0e8dd42a6dff,CERT-2569-32143,2026-07-25 04:13:12.368552+00
136511bf-3d1d-438c-b050-77f8adc644e9,6ae07ccd-20f6-4eea-9096-40e8053007b7,e34c0a3a-3e74-4a18-86c9-0e8dd42a6dff,CERT-2569-66049,2026-07-23 04:25:49.574658+00
1391f8ca-46cd-40d4-b380-94b3e3ff1180,8a2c77e8-3be7-409c-959a-4b299715efe4,6007726b-5758-498b-9fc1-a4678e61d9e6,CERT-2569-10515,2026-08-02 14:03:23.658932+00
14e66119-9232-4912-ba47-59fa12aff348,42bd96cf-b731-44d3-910e-2f070e4ebdc2,6007726b-5758-498b-9fc1-a4678e61d9e6,CERT-2569-73883,2026-07-28 03:46:07.166575+00
157731a5-4354-4ed0-862b-acdaf20833be,950c16eb-6f64-46e8-ac44-5dffa6184b34,a109394f-8232-4cfb-a47e-35a2d26ea230,CERT-2569-66603,2026-07-23 09:35:07.835915+00
15b35bb4-3f6b-424a-a6d7-e87764fecef4,88b6fb28-8bff-4f42-8893-266efdbca5d2,a109394f-8232-4cfb-a47e-35a2d26ea230,CERT-2569-60647,2026-08-04 06:09:48.582118+00
15d02be2-7b42-49a1-b4b4-2cfdbd950816,eebc6f8c-0a59-4c1c-beac-e0a2bca8c6bc,e34c0a3a-3e74-4a18-86c9-0e8dd42a6dff,CERT-2569-01568,2026-07-25 09:03:10.289415+00
166f5897-95fe-4aff-9aef-32a3f56531b0,b1d1ae86-bb6d-45c1-b9c5-a6c3d61534cc,a109394f-8232-4cfb-a47e-35a2d26ea230,CERT-2569-48385,2026-07-30 06:59:34.042959+00
1672085d-f1cd-42ba-96e0-3356d11fc8e1,8dda9a02-192c-4e0c-bcf9-ae3b19098d0d,6007726b-5758-498b-9fc1-a4678e61d9e6,CERT-2569-98461,2026-08-05 08:25:52.970116+00
16dd6637-8612-48f0-b0dd-8f83c1b07ed9,5aeafd30-b166-4bb4-9f70-1aa5c6327f11,6007726b-5758-498b-9fc1-a4678e61d9e6,CERT-2569-21784,2026-07-25 08:20:17.346991+00
17507413-18ec-4ca7-88c0-fc6f5dc27dfd,88b6fb28-8bff-4f42-8893-266efdbca5d2,e34c0a3a-3e74-4a18-86c9-0e8dd42a6dff,CERT-2569-56257,2026-08-04 07:10:43.220472+00
17609462-2e4c-4ed5-9f53-b272d687e47a,f0ecbf68-07a4-41e5-8d80-0df2553cefe1,a109394f-8232-4cfb-a47e-35a2d26ea230,CERT-2569-13683,2026-07-27 09:56:20.890994+00
17978c15-a235-40a7-b07e-f8fd143bb1fa,9ac63b9a-58c8-4049-8970-0b2cb8d93fbd,e34c0a3a-3e74-4a18-86c9-0e8dd42a6dff,CERT-2569-78738,2026-07-23 04:48:32.376777+00
17f3c3e3-187f-46eb-a289-f5353831653a,8e5b53ba-a9d8-42b5-b952-a4ccefe55ef1,6007726b-5758-498b-9fc1-a4678e61d9e6,CERT-2569-30188,2026-07-25 03:36:48.881963+00
182fd756-1618-49f7-a9c2-6077295e2f0e,b4c4f1b9-ed8c-4a9f-b755-03a707e5c62d,a109394f-8232-4cfb-a47e-35a2d26ea230,CERT-2569-13460,2026-08-03 03:43:30.897474+00
18a7140b-0c68-4352-b887-7ba13ec2de5e,6248ff91-c8d2-429a-93ae-f6e142e13657,6007726b-5758-498b-9fc1-a4678e61d9e6,CERT-2569-71231,2026-07-23 07:25:41.077029+00
194eaab5-2ebd-4329-92f2-9481676b7cde,e9965c77-4900-477f-a771-e12329d7f1fb,6007726b-5758-498b-9fc1-a4678e61d9e6,CERT-2569-98013,2026-07-31 09:56:30.372298+00
195b629d-bf90-4f54-b3e9-801e12b0af66,78744f74-3731-4c7c-9d1f-f5614a7918da,e34c0a3a-3e74-4a18-86c9-0e8dd42a6dff,CERT-2569-31640,2026-08-07 07:23:03.182676+00
197176d4-16ae-4aaa-b392-b0187ed326b9,7ae54e84-4c69-4781-bc7c-62ecce821e27,a109394f-8232-4cfb-a47e-35a2d26ea230,CERT-2569-76102,2026-08-03 08:46:18.984869+00
1985b77c-23e4-4de2-8a6b-7a27828cab6b,f9a6ab35-e0bb-4174-ba42-54b9a5550ddf,a109394f-8232-4cfb-a47e-35a2d26ea230,CERT-2569-45261,2026-08-04 03:47:42.692922+00
19aab657-ccd9-4ab8-8791-49bdbd4a2e32,f4b2c264-612c-4c3e-a892-04c740d2a817,e34c0a3a-3e74-4a18-86c9-0e8dd42a6dff,CERT-2569-20621,2026-07-30 06:32:06.020283+00
19fed217-7e84-421e-b4c6-0bd1caf9d159,54a73f50-fe5d-4cbf-80b2-65d185a1c99d,e34c0a3a-3e74-4a18-86c9-0e8dd42a6dff,CERT-2569-55244,2026-07-23 06:10:12.005143+00
1a1aa677-9063-4044-ab0c-504b5a97df42,d61e875b-5bc8-4667-ad68-c0086c7eb0f1,e34c0a3a-3e74-4a18-86c9-0e8dd42a6dff,CERT-2569-78969,2026-07-23 06:09:46.383315+00
1a1c062b-2d3a-4ae7-8862-be90a22c79d2,278d133c-e080-46fe-b306-25fce4767887,a109394f-8232-4cfb-a47e-35a2d26ea230,CERT-2569-37202,2026-07-29 10:03:26.715576+00
1a49dee4-4281-45a3-81e0-1563916258fe,d709b316-f986-4261-afa6-65099142c916,6007726b-5758-498b-9fc1-a4678e61d9e6,CERT-2569-81572,2026-08-07 03:51:18.372259+00
1ab90c2a-af5e-4842-8fce-674523c2a24a,238ee4ff-255b-4709-bdd0-4a4f6b2358c0,e34c0a3a-3e74-4a18-86c9-0e8dd42a6dff,CERT-2569-09142,2026-07-23 04:51:23.040328+00
1ad1f335-0395-40b9-a3c9-b6868c1cacf0,dffc27e6-6fbd-4846-afaf-9c0f82aab03f,e34c0a3a-3e74-4a18-86c9-0e8dd42a6dff,CERT-2569-73697,2026-07-28 09:58:10.05077+00
1af2c962-80aa-43a6-8c8b-68f09330dc11,c05890c7-c524-4c93-92c6-af131704ebdf,6007726b-5758-498b-9fc1-a4678e61d9e6,CERT-2569-81802,2026-08-04 02:12:08.866297+00
1b05f4f7-5e04-4c5f-896a-e8e4e31ec234,860af250-6a07-4ab2-a561-c81f32d90c81,a109394f-8232-4cfb-a47e-35a2d26ea230,CERT-2569-16223,2026-07-24 10:02:05.573747+00
1b337f7c-58a8-4efa-8b37-19da3a15d776,263268a2-7bce-4373-b2e6-15617046147f,a109394f-8232-4cfb-a47e-35a2d26ea230,CERT-2569-46152,2026-07-23 09:38:48.341034+00
1b3626f9-841f-4289-8910-be667ff68085,5cd556e1-3148-43e6-beb4-e85211ea1b83,a109394f-8232-4cfb-a47e-35a2d26ea230,CERT-2569-42297,2026-07-23 10:56:36.201103+00
1b4ebfec-7e02-4e84-984b-79560438e4dd,6336c89b-8a8e-41d7-9b17-28bdae565462,a109394f-8232-4cfb-a47e-35a2d26ea230,CERT-2569-10039,2026-07-26 14:48:53.250216+00
1b61e3ee-0370-40c9-a8a4-11bf1e6f1c4e,f9d12061-b225-4afe-9628-b6fa117cbcc0,e34c0a3a-3e74-4a18-86c9-0e8dd42a6dff,CERT-2569-35318,2026-07-23 09:23:33.231084+00
1b641052-34da-46c6-8012-c2199fcc9754,ccabc4ed-d1d0-4f84-9e17-5b6890142d7a,6007726b-5758-498b-9fc1-a4678e61d9e6,CERT-2569-08166,2026-07-23 04:38:39.376692+00
1be177b1-f56b-497f-833b-6bb76dc42288,bdae38e2-bc07-4ae3-b54d-bf3050618a30,6007726b-5758-498b-9fc1-a4678e61d9e6,CERT-2569-97550,2026-07-23 04:21:27.173846+00
1bf8a6ec-f8bb-4611-9398-63de767d5fcc,999bf664-b984-40e0-aec8-ab8265176074,e34c0a3a-3e74-4a18-86c9-0e8dd42a6dff,CERT-2569-82074,2026-07-27 06:24:06.261758+00
1c2c357d-9884-46a7-b297-19adee6c2d79,e3c93d8f-a51b-44d0-b717-15146c8a26a1,a109394f-8232-4cfb-a47e-35a2d26ea230,CERT-2569-19920,2026-07-23 07:55:23.200746+00
1da9484e-dfbe-48ef-9bc0-aa6e47b2be01,59eb0f28-aa16-4445-b262-d55e25fb8767,6007726b-5758-498b-9fc1-a4678e61d9e6,CERT-2569-82515,2026-07-24 07:20:50.32253+00
1dc8d1a3-d229-4a21-9104-91816c789fd3,ef34ae1c-b12f-42c4-8375-05e76ba65c92,e34c0a3a-3e74-4a18-86c9-0e8dd42a6dff,CERT-2569-57311,2026-07-23 05:32:48.347977+00
1e3e9cf0-ce7e-4af0-898e-9fd7b1d44c9d,eebc6f8c-0a59-4c1c-beac-e0a2bca8c6bc,a109394f-8232-4cfb-a47e-35a2d26ea230,CERT-2569-49054,2026-07-25 08:37:13.141165+00
1e4afc7a-316d-4025-b828-71ed6ad9b62f,f22caec9-abf8-40e2-8c20-323a88f25592,e34c0a3a-3e74-4a18-86c9-0e8dd42a6dff,CERT-2569-98643,2026-07-24 10:08:41.762069+00
1e960100-79fd-4ac2-9c62-c1e6b910a090,5b98af54-1dd3-498c-9a35-ac6968f26266,6007726b-5758-498b-9fc1-a4678e61d9e6,CERT-2569-45876,2026-07-23 07:27:16.239872+00
1ef0b787-0d81-480b-983b-47f4cfdc617e,025a6bec-4b3b-4a05-bbb7-95583882bcd2,e34c0a3a-3e74-4a18-86c9-0e8dd42a6dff,CERT-2569-14970,2026-07-23 03:32:30.526575+00
1f53e59c-1f61-42f2-b2b9-75595b615739,a5fff52d-3888-4062-a704-62e6cd3776bf,e34c0a3a-3e74-4a18-86c9-0e8dd42a6dff,CERT-2569-73405,2026-08-04 04:06:09.332265+00
200aa2c3-851a-4dfa-9c75-4c99892d0ee4,836d18cc-c4c9-48a8-b357-b73f28170e78,e34c0a3a-3e74-4a18-86c9-0e8dd42a6dff,CERT-2569-40999,2026-07-23 06:36:18.801732+00
21392cb5-c99c-46af-a1d4-2486a1c07a24,836d18cc-c4c9-48a8-b357-b73f28170e78,a109394f-8232-4cfb-a47e-35a2d26ea230,CERT-2569-99110,2026-07-23 06:31:31.604154+00
2149aa64-00ba-4892-b3da-c44e01ce4fc7,013949c0-4e26-4710-9f56-485b4a2be99e,6007726b-5758-498b-9fc1-a4678e61d9e6,CERT-2569-32682,2026-07-23 10:10:16.777063+00
215fb9bb-d635-4030-977a-becfca810975,1b49c4d6-9835-42b6-bae2-2e495f45d872,6007726b-5758-498b-9fc1-a4678e61d9e6,CERT-2569-69499,2026-07-27 06:41:47.348272+00
21631e93-2205-4009-a538-ae9f1122ad22,29d3adb3-b423-4c36-9ca1-a1310b7f50f1,e34c0a3a-3e74-4a18-86c9-0e8dd42a6dff,CERT-2569-11865,2026-08-02 10:53:04.155869+00
21905780-096a-4637-827f-96fd9369e2c7,2e7dc3fe-7734-4eac-9da5-5c37055c62e9,6007726b-5758-498b-9fc1-a4678e61d9e6,CERT-2569-47162,2026-08-05 04:19:43.922157+00
21a2391f-8c47-4792-b118-3563d0408337,22ee4b06-dff7-434c-8d05-1cdac8341f35,e34c0a3a-3e74-4a18-86c9-0e8dd42a6dff,CERT-2569-97860,2026-08-05 09:53:10.961625+00
22087722-1d6d-4f57-b334-de9ae41c7521,f6b49853-a1a8-4f9c-943c-41d319facb72,6007726b-5758-498b-9fc1-a4678e61d9e6,CERT-2569-34292,2026-07-24 09:37:30.989039+00
22137166-fd4b-40c9-bd72-6e599e3553cc,381cf4e2-d307-4978-954d-569c50129ef9,e34c0a3a-3e74-4a18-86c9-0e8dd42a6dff,CERT-2569-67194,2026-07-27 20:23:01.182347+00
222240a2-50a4-4aaa-8e10-753e20cd929d,de2e86b1-fd01-4fe7-a4be-cec6fcdf5a3b,6007726b-5758-498b-9fc1-a4678e61d9e6,CERT-2569-53628,2026-08-04 09:51:53.637887+00
2231a9a6-fd08-4415-8230-5b27c86b8b09,fe4a8570-b347-4175-9503-bb6dde8b04e8,e34c0a3a-3e74-4a18-86c9-0e8dd42a6dff,CERT-2569-01399,2026-08-05 11:27:57.380455+00
22321718-079f-417a-a8ca-1ca8a790366f,35f1c72c-77b0-4fe2-a5b4-6121ea19f501,6007726b-5758-498b-9fc1-a4678e61d9e6,CERT-2569-87714,2026-07-23 06:44:05.921859+00
2245dae9-98be-4aa7-b045-1976e0676339,0e6cbf4d-ddd2-4087-9dec-565450b33c7e,a109394f-8232-4cfb-a47e-35a2d26ea230,CERT-2569-52134,2026-07-23 09:11:10.343476+00
2281d55a-761a-4472-a9df-e4aea0feb0a5,9a6b93e8-6f5b-46d6-8de2-c9fb7839e282,e34c0a3a-3e74-4a18-86c9-0e8dd42a6dff,CERT-2569-72769,2026-07-28 06:24:48.989073+00
22d31e79-f5cc-4f4e-913b-126f4a441721,4f6b5e31-8906-4e0a-bb32-7b80a4921e2e,e34c0a3a-3e74-4a18-86c9-0e8dd42a6dff,CERT-2569-25109,2026-07-30 06:38:31.614939+00
22f67f7d-ebd1-485a-ac0f-b64d9a924657,3c07322a-e391-4a4d-a87b-5e43db7a1bac,e34c0a3a-3e74-4a18-86c9-0e8dd42a6dff,CERT-2569-88011,2026-07-24 02:01:53.045589+00
23c99974-b95c-4b8e-bf8c-14873ab79005,5c968457-6f76-4323-9ac4-1f33c0d7a6ef,e34c0a3a-3e74-4a18-86c9-0e8dd42a6dff,CERT-2569-27789,2026-07-24 13:37:09.345141+00
23e94969-e98d-4201-a1fb-78ce8e389d34,f9d12061-b225-4afe-9628-b6fa117cbcc0,a109394f-8232-4cfb-a47e-35a2d26ea230,CERT-2569-87216,2026-07-23 09:30:42.58168+00
23f87030-2f54-4324-bb12-f28f5dfd0969,fbd74382-1301-4644-a725-99463c79be2e,a109394f-8232-4cfb-a47e-35a2d26ea230,CERT-2569-63668,2026-07-23 06:40:45.06163+00
247e81be-42be-43b8-8ada-eb3012a2b52d,263268a2-7bce-4373-b2e6-15617046147f,e34c0a3a-3e74-4a18-86c9-0e8dd42a6dff,CERT-2569-16283,2026-07-23 09:17:28.637877+00
2533cc9f-c0a8-481c-9c58-801ac183ca6d,06c2b114-ade7-4275-879d-fbca08b9e78d,a109394f-8232-4cfb-a47e-35a2d26ea230,CERT-2569-13049,2026-07-23 23:27:47.596282+00
25803777-ba8b-4528-a0da-2bbb4bca329a,1fc41ca6-5b87-4cfa-a586-1d0dff3d1470,a109394f-8232-4cfb-a47e-35a2d26ea230,CERT-2569-46573,2026-07-23 04:18:25.885739+00
25c744d6-07cf-4dca-9b03-72a8bf5b9e93,e7746268-3c28-4fa3-9637-6bb32c301122,e34c0a3a-3e74-4a18-86c9-0e8dd42a6dff,CERT-2569-40487,2026-08-03 06:22:30.19785+00
26808622-3659-49b8-935a-faa5b0ae5ccf,d98db064-d4fc-4d0d-91e7-86450aa4c93d,e34c0a3a-3e74-4a18-86c9-0e8dd42a6dff,CERT-2569-31497,2026-07-24 01:00:23.064422+00
269acf4a-c549-45fa-a936-256776926d7f,0f0c046a-bda2-4250-b51d-9c57f17aa7a4,e34c0a3a-3e74-4a18-86c9-0e8dd42a6dff,CERT-2569-67424,2026-07-25 10:31:55.393915+00
26abd5e8-d293-48e5-a411-a961a8569623,862c21e6-b50a-4976-8272-7a4274ca5744,e34c0a3a-3e74-4a18-86c9-0e8dd42a6dff,CERT-2569-98359,2026-07-23 08:08:19.350992+00
26b749f0-622f-4391-9c39-8fcb982ce47c,8c23035e-3366-4f12-ac0c-d01cc4205eac,6007726b-5758-498b-9fc1-a4678e61d9e6,CERT-2569-59598,2026-08-04 13:53:02.492587+00
26da9bf2-10d5-49cc-baa2-40382cd46c81,0d074324-50fa-4f3c-a21e-46c5542c2435,a109394f-8232-4cfb-a47e-35a2d26ea230,CERT-2569-08472,2026-07-23 06:11:48.867226+00
26e50e30-17d6-48a8-aacc-fd2d777a7d2f,39838bcc-dd54-460d-bfb2-b470505367d1,a109394f-8232-4cfb-a47e-35a2d26ea230,CERT-2569-56309,2026-07-23 05:29:50.851273+00
26e88a53-77cb-41b6-a120-f44895772833,10ccf1e3-bae1-4ee5-bc15-d1d505b6a7a5,e34c0a3a-3e74-4a18-86c9-0e8dd42a6dff,CERT-2569-38687,2026-07-30 10:11:41.538425+00
27116529-b950-4c67-bff3-a957874eb517,47408487-93da-4334-a2a0-ebc05daaa241,a109394f-8232-4cfb-a47e-35a2d26ea230,CERT-2569-14961,2026-07-24 09:42:02.766001+00
277780bf-8a85-48d7-b8af-b539a9b78db3,841a5e1a-6f1b-4f63-9995-2aab86e72710,a109394f-8232-4cfb-a47e-35a2d26ea230,CERT-2569-96209,2026-07-23 07:50:50.304112+00
28003709-a897-46ce-a335-9b331464cea5,8dd1b882-b004-4d61-a640-03682c39dd8a,a109394f-8232-4cfb-a47e-35a2d26ea230,CERT-2569-11127,2026-07-23 05:15:16.758064+00
280d2600-e13f-4518-b12a-f879db7a6b8b,836e3021-736b-4a08-9340-c06003876699,e34c0a3a-3e74-4a18-86c9-0e8dd42a6dff,CERT-2569-52593,2026-07-23 07:22:23.507958+00
2875c738-5f07-4598-b1f8-734f3e753cd5,8aa1f854-9d04-4a44-a132-932f7065f529,a109394f-8232-4cfb-a47e-35a2d26ea230,CERT-2569-73022,2026-07-24 06:29:14.739381+00
287e0d4f-19dd-4170-b048-de89d68a458d,dd3cabc6-c7f3-4063-9c03-fe2727a2dab4,e34c0a3a-3e74-4a18-86c9-0e8dd42a6dff,CERT-2569-44106,2026-07-23 08:50:33.293432+00
287e8fc3-5a6c-40c5-b9c6-9a640cb49087,01492982-f355-453a-a7ea-e91aa30ccfda,e34c0a3a-3e74-4a18-86c9-0e8dd42a6dff,CERT-2569-33655,2026-07-25 10:00:28.348009+00
288dfddb-091e-462d-836c-7d847e25f486,1d758a6f-4ef5-4da0-91f5-108c1388ce47,e34c0a3a-3e74-4a18-86c9-0e8dd42a6dff,CERT-2569-72451,2026-08-04 05:13:13.471567+00
28f1e4f2-a3f9-4a9a-a456-1824a9a0de66,f8771650-10ef-4233-a4cf-ba0d56316a70,e34c0a3a-3e74-4a18-86c9-0e8dd42a6dff,CERT-2569-81532,2026-07-26 08:59:54.207991+00
29d1d713-c02d-45ed-9cf1-1da30c16a639,a0a9a815-ab6f-4a2b-9953-4cce2876bcbc,e34c0a3a-3e74-4a18-86c9-0e8dd42a6dff,CERT-2569-55734,2026-07-23 10:43:36.275546+00
29ec285c-7d7b-4b04-8cd1-a068d9f5d5d2,f2b07177-7f9c-47bf-b69d-aaa1883cc9ef,a109394f-8232-4cfb-a47e-35a2d26ea230,CERT-2569-27272,2026-07-26 06:45:48.31417+00
2a8bcbd0-8853-4f86-9568-4582d9ff2710,7be09e64-91e6-4ba7-9827-7d4af6d235f8,a109394f-8232-4cfb-a47e-35a2d26ea230,CERT-2569-06447,2026-08-04 14:03:58.251736+00
2ab80b62-f26c-47df-b554-2e2d23dc4ecf,d65561c1-2b29-4a69-827b-7159ac46f36d,a109394f-8232-4cfb-a47e-35a2d26ea230,CERT-2569-10844,2026-08-04 11:12:51.172772+00
2ae46f40-9b36-4f99-b0e7-5ddab555d2e3,21d7d266-3d34-4a3a-8af7-001160517b29,a109394f-8232-4cfb-a47e-35a2d26ea230,CERT-2569-66000,2026-07-29 07:53:39.131859+00
2b05b8a7-79b4-4586-be07-9f22225f5164,8e5b53ba-a9d8-42b5-b952-a4ccefe55ef1,e34c0a3a-3e74-4a18-86c9-0e8dd42a6dff,CERT-2569-84423,2026-07-25 06:29:20.821461+00
2b34956c-c72e-4914-8b20-93b5574839b6,a29ecb6b-4cf8-49dd-bfb7-58fcfe818384,e34c0a3a-3e74-4a18-86c9-0e8dd42a6dff,CERT-2569-67100,2026-07-23 06:36:34.716123+00
2bb76041-0d0f-4e0c-8b3a-34c7e9c72086,719cd16f-a5c9-4e96-b08d-82dbea05c671,a109394f-8232-4cfb-a47e-35a2d26ea230,CERT-2569-32806,2026-08-07 08:53:13.306748+00
2c0ee88f-7f55-4472-bdf7-f2340793b9f5,58a9228d-67c5-4ab3-8d22-8f798dd56195,e34c0a3a-3e74-4a18-86c9-0e8dd42a6dff,CERT-2569-70523,2026-07-23 06:45:12.832306+00
2c13697d-246e-4866-a9e3-a53d35c49717,1d80d24d-228c-470c-8aeb-fdf8a95931f4,a109394f-8232-4cfb-a47e-35a2d26ea230,CERT-2569-15843,2026-08-04 03:16:04.593248+00
2c244e56-ca71-4025-8d20-470d77063f54,2a07b07a-608d-4a96-b732-6ebfb6a8b9fa,e34c0a3a-3e74-4a18-86c9-0e8dd42a6dff,CERT-2569-48227,2026-08-05 07:28:03.312975+00
2caa0fc9-13e6-4b4c-98c2-fd71080a4c32,5b98af54-1dd3-498c-9a35-ac6968f26266,a109394f-8232-4cfb-a47e-35a2d26ea230,CERT-2569-92079,2026-07-23 07:12:39.581764+00
2cbe9905-e67b-4630-a56b-5870a84346cb,90eb87e1-8bfa-4b1d-b77a-5c2ba9df9b33,a109394f-8232-4cfb-a47e-35a2d26ea230,CERT-2569-58028,2026-07-31 10:46:21.775091+00
2d9110b5-ce3e-4ffa-9d0c-450c8c83a3b2,950c16eb-6f64-46e8-ac44-5dffa6184b34,6007726b-5758-498b-9fc1-a4678e61d9e6,CERT-2569-09738,2026-07-23 05:47:23.552062+00
2e376727-26eb-4125-ae2f-92c82bcab30f,9cc85341-87cf-443a-8f4b-a46e4aaec73f,6007726b-5758-498b-9fc1-a4678e61d9e6,CERT-2569-89412,2026-07-28 00:31:31.50008+00
2e6007f0-c0c1-40fd-b816-60905c74b818,3d2e6c1b-f05e-4a65-9a0c-d06d18466006,a109394f-8232-4cfb-a47e-35a2d26ea230,CERT-2569-54101,2026-07-23 06:59:15.249769+00
2e6ee1f2-0df2-4384-8994-0f7a057aecc1,2f80c6e9-3301-49a0-b2f2-e137ec2badd6,e34c0a3a-3e74-4a18-86c9-0e8dd42a6dff,CERT-2569-11209,2026-08-05 05:11:57.442599+00
2e7d00f7-5ecc-4796-90d7-675d752a62d1,eebc6f8c-0a59-4c1c-beac-e0a2bca8c6bc,6007726b-5758-498b-9fc1-a4678e61d9e6,CERT-2569-00187,2026-07-25 09:27:48.376069+00
2ec19b47-5867-4c0d-be95-c6ee59018a9c,7cccd676-0646-4b71-884c-67e719ece16c,a109394f-8232-4cfb-a47e-35a2d26ea230,CERT-2569-82875,2026-07-28 09:13:20.974654+00
2f537e51-5a25-4204-9ce8-5875145afca1,7abed0dd-c66e-4d08-9c9b-0fa125d4fc80,e34c0a3a-3e74-4a18-86c9-0e8dd42a6dff,CERT-2569-90695,2026-07-23 09:05:25.128734+00
2f572255-95b9-4704-abfc-1c908da1beb6,47408487-93da-4334-a2a0-ebc05daaa241,6007726b-5758-498b-9fc1-a4678e61d9e6,CERT-2569-56495,2026-07-24 09:48:30.394603+00
2f573eb1-2287-4df0-a4a6-ff89761a6fa7,a5fff52d-3888-4062-a704-62e6cd3776bf,a109394f-8232-4cfb-a47e-35a2d26ea230,CERT-2569-83724,2026-08-04 04:08:20.491227+00
303ef785-a7e1-405d-9094-f79c5485e724,68f56d24-c405-45aa-a2df-8d1b2c9ad9a9,e34c0a3a-3e74-4a18-86c9-0e8dd42a6dff,CERT-2569-69847,2026-07-31 07:10:18.285973+00
30615627-89ee-494c-8837-7f5889bcc661,b6b3fa2d-2cba-4263-a68f-bcbf5e656f0a,a109394f-8232-4cfb-a47e-35a2d26ea230,CERT-2569-58198,2026-07-29 07:16:31.563989+00
307b03fe-457e-4e7c-84f8-0caaa90b7cf8,2b5284a0-aa05-4f39-842a-e624c9ead87a,6007726b-5758-498b-9fc1-a4678e61d9e6,CERT-2569-01554,2026-07-27 02:39:47.559605+00
30990b93-8562-4606-99c3-3dc402e217e2,51c1fc33-a23e-4718-a273-9b76a655a990,e34c0a3a-3e74-4a18-86c9-0e8dd42a6dff,CERT-2569-08507,2026-07-23 07:21:19.30777+00
30da73ba-ecd1-4b3b-99e0-e295bbd4a90b,98fddc78-9d64-492f-82a3-e9796d8a3b76,e34c0a3a-3e74-4a18-86c9-0e8dd42a6dff,CERT-2569-56660,2026-07-24 09:18:42.016851+00
30f6fd07-4c65-4698-b670-9766152dfe14,54a73f50-fe5d-4cbf-80b2-65d185a1c99d,a109394f-8232-4cfb-a47e-35a2d26ea230,CERT-2569-05059,2026-07-23 06:20:32.718181+00
3113ee1a-e4d7-437c-b831-3b511a55fdf1,6248ff91-c8d2-429a-93ae-f6e142e13657,e34c0a3a-3e74-4a18-86c9-0e8dd42a6dff,CERT-2569-83767,2026-07-23 07:29:29.604199+00
3131d8c8-848d-49d8-924c-7a65f12932dc,c191c8e2-3703-4883-aaaa-2bff004318dc,a109394f-8232-4cfb-a47e-35a2d26ea230,CERT-2569-01503,2026-07-23 03:49:59.55293+00
31bed5a7-5411-42e5-8779-f78f6e2548f7,501410ce-2713-4005-8340-37a8bfb135f0,e34c0a3a-3e74-4a18-86c9-0e8dd42a6dff,CERT-2569-36456,2026-07-25 03:50:54.200583+00
31cddb40-67ca-4bdc-8732-30af7d2ee89d,ef6a0f3a-41b5-4f06-985b-5b1d46ba71d4,6007726b-5758-498b-9fc1-a4678e61d9e6,CERT-2569-37776,2026-08-06 03:31:06.173634+00
3266a7a9-9182-4bec-b628-8dc57c351472,34fda2a9-bc96-482b-ad1d-8045760e34b6,a109394f-8232-4cfb-a47e-35a2d26ea230,CERT-2569-17990,2026-07-23 10:31:08.850303+00
32bc957e-86e1-49ca-8de7-dad8182aab63,3809c993-20e2-4bbe-aa70-10d846f524cb,6007726b-5758-498b-9fc1-a4678e61d9e6,CERT-2569-97156,2026-07-27 09:02:44.01498+00
32e00f99-8ed9-4d92-9901-5abe97c54d4f,e300b36e-5818-4c75-8cf9-c7f8ec2ab2a6,e34c0a3a-3e74-4a18-86c9-0e8dd42a6dff,CERT-2569-19574,2026-07-27 05:53:44.624682+00
336ba3d8-7e06-46bb-9585-95c72c5ba299,96896897-5941-460e-8e45-d77d401d8358,6007726b-5758-498b-9fc1-a4678e61d9e6,CERT-2569-96432,2026-07-25 11:39:07.923205+00
33bc08c3-8161-4add-97bf-7752e2b43f6e,47408487-93da-4334-a2a0-ebc05daaa241,e34c0a3a-3e74-4a18-86c9-0e8dd42a6dff,CERT-2569-38222,2026-07-24 09:27:06.668354+00
3454eae4-a017-4e13-85af-93249e859e45,da716101-68e7-40cb-a2d9-0dfb7bf8231f,e34c0a3a-3e74-4a18-86c9-0e8dd42a6dff,CERT-2569-19797,2026-07-23 07:41:57.598794+00
348a48da-478c-4a7c-bd2e-9d2c63e59a87,c4579eb3-1476-42ea-a0c3-477376a97f95,e34c0a3a-3e74-4a18-86c9-0e8dd42a6dff,CERT-2569-88977,2026-07-24 09:25:30.98738+00
34d0f93c-17bd-45eb-9764-c85c73bbd872,fc4c1876-0aca-4099-88cf-6ebacb4935c3,e34c0a3a-3e74-4a18-86c9-0e8dd42a6dff,CERT-2569-72809,2026-07-27 08:40:28.399249+00
3517b643-0624-4a02-a7be-db252e81e809,50c7afef-7f77-4716-b7ec-83d1d72c42a1,6007726b-5758-498b-9fc1-a4678e61d9e6,CERT-2569-36549,2026-07-27 07:28:20.871473+00
361f5f2e-b861-4d58-8316-6e7735bc4fe7,7bb875c9-53f4-4c36-8aeb-b8dcdc6fd740,e34c0a3a-3e74-4a18-86c9-0e8dd42a6dff,CERT-2569-25482,2026-07-24 14:06:17.275516+00
362dd012-31d3-4e1f-81dc-9d5e8ecbd537,5c968457-6f76-4323-9ac4-1f33c0d7a6ef,a109394f-8232-4cfb-a47e-35a2d26ea230,CERT-2569-13881,2026-07-24 13:02:56.7212+00
362e7490-cc34-4669-a8d7-f46750f54e09,6bcfc9ce-8e2c-4dde-973d-b49f4425440f,a109394f-8232-4cfb-a47e-35a2d26ea230,CERT-2569-06752,2026-07-31 02:13:28.759315+00
3685b373-647a-4877-af5f-217e343d6c17,98fddc78-9d64-492f-82a3-e9796d8a3b76,6007726b-5758-498b-9fc1-a4678e61d9e6,CERT-2569-71790,2026-07-24 09:29:36.721992+00
36970c6f-d5be-4937-8721-b6ccd8f0690c,a1cb872b-9948-4602-baf7-627495ac8f65,6007726b-5758-498b-9fc1-a4678e61d9e6,CERT-2569-78668,2026-07-23 07:53:03.797423+00
36c027a0-14bf-4c48-9411-c23ebb91006d,9980329f-ad10-4ece-8fcb-5852ca8b937a,e34c0a3a-3e74-4a18-86c9-0e8dd42a6dff,CERT-2569-00919,2026-07-31 01:30:29.72299+00
36f0b4a5-fce1-4646-a8ad-929add4bf50c,a983da43-82e2-4bce-9991-de90e765753f,6007726b-5758-498b-9fc1-a4678e61d9e6,CERT-2569-80370,2026-07-23 05:30:18.127967+00
374921e1-b074-4581-bee5-c3fa23ceecda,c0c6f0af-aa48-4056-9af6-46fceb7f54f5,6007726b-5758-498b-9fc1-a4678e61d9e6,CERT-2569-37739,2026-07-29 03:35:28.767869+00
37913a36-a46c-44dc-a6d8-200f07800adf,238ee4ff-255b-4709-bdd0-4a4f6b2358c0,6007726b-5758-498b-9fc1-a4678e61d9e6,CERT-2569-27102,2026-07-23 04:42:41.177986+00
37a41227-474f-41c7-b1c8-9d823780d869,a29ecb6b-4cf8-49dd-bfb7-58fcfe818384,a109394f-8232-4cfb-a47e-35a2d26ea230,CERT-2569-18812,2026-07-23 06:00:06.704575+00
37cf4ced-829d-42b6-8eb9-6a415aaede7c,d7e9c613-d35b-4e9f-8e25-40e81a2b2252,a109394f-8232-4cfb-a47e-35a2d26ea230,CERT-2569-47699,2026-07-23 08:39:19.442633+00
38649e5a-66ff-4639-a262-6c0ce64fac33,2f80c6e9-3301-49a0-b2f2-e137ec2badd6,6007726b-5758-498b-9fc1-a4678e61d9e6,CERT-2569-43117,2026-08-05 05:04:49.515162+00
38a58624-e197-46d3-aea9-e154f1748c1e,7b75c16f-ff36-4d1c-9557-f7645a32feb3,e34c0a3a-3e74-4a18-86c9-0e8dd42a6dff,CERT-2569-67048,2026-07-25 03:26:40.674602+00
38cb7c28-9370-4d61-9ccb-e6a83d83dc84,91dafa31-ab5a-49b4-b6fd-c128ae82b2d3,6007726b-5758-498b-9fc1-a4678e61d9e6,CERT-2569-62404,2026-07-29 03:41:43.286796+00
38fbd47b-e868-4ff2-9181-76f5af6a3969,f9a6ab35-e0bb-4174-ba42-54b9a5550ddf,e34c0a3a-3e74-4a18-86c9-0e8dd42a6dff,CERT-2569-66088,2026-08-04 03:43:28.509187+00
3942d340-8673-464c-9e96-88853aa6a0da,22a84ef7-8939-4e61-ae51-87954cb4ee94,e34c0a3a-3e74-4a18-86c9-0e8dd42a6dff,CERT-2569-80045,2026-08-06 06:18:02.931943+00
39810203-65c3-4908-b640-c91f141c71b0,97b32fd9-8e7a-4160-a448-921974906d62,e34c0a3a-3e74-4a18-86c9-0e8dd42a6dff,CERT-2569-05705,2026-07-25 04:11:43.319628+00
39a17e39-6d29-440f-9f0c-f341575de9d3,e3c93d8f-a51b-44d0-b717-15146c8a26a1,6007726b-5758-498b-9fc1-a4678e61d9e6,CERT-2569-93140,2026-07-23 10:25:55.522612+00
39c87d36-74a4-4bb3-9151-fef3a5b1fd66,b4c4f1b9-ed8c-4a9f-b755-03a707e5c62d,e34c0a3a-3e74-4a18-86c9-0e8dd42a6dff,CERT-2569-87167,2026-08-03 04:25:49.026898+00
3a413451-f3ca-462a-939b-db2bd7774670,400d57a2-dfa8-414e-a09c-cb124d2f1ee3,a109394f-8232-4cfb-a47e-35a2d26ea230,CERT-2569-37326,2026-07-28 03:42:37.545405+00
3b34f5a8-fc54-4bd5-b3ac-6b56716b1129,0d074324-50fa-4f3c-a21e-46c5542c2435,6007726b-5758-498b-9fc1-a4678e61d9e6,CERT-2569-37396,2026-07-23 04:20:10.79704+00
3b84e5c2-12f2-414d-929b-6cbc53ad3090,362e4dd4-061e-4948-83ba-5a8126ebcade,6007726b-5758-498b-9fc1-a4678e61d9e6,CERT-2569-62418,2026-07-27 06:25:22.796684+00
3bad82ba-058f-454b-861a-ecfd59b146c6,199679ab-8060-4b94-82d6-cbdad2bc90b0,6007726b-5758-498b-9fc1-a4678e61d9e6,CERT-2569-57310,2026-08-01 06:00:12.173233+00
3c2a5032-8f04-4f7d-9ad8-9119a0d67d43,02408900-557f-4fd6-af4a-a4eae11ff20f,6007726b-5758-498b-9fc1-a4678e61d9e6,CERT-2569-59596,2026-07-23 06:57:36.955765+00
3c571470-5446-4569-83d3-00f76cec9505,6951008d-dd2f-453f-ab1c-6db291cd70c2,e34c0a3a-3e74-4a18-86c9-0e8dd42a6dff,CERT-2569-10285,2026-07-24 11:52:23.326751+00
3d011880-4836-4029-ae35-21062bdea8fd,575475db-e499-4950-96c7-dfc67ee58552,6007726b-5758-498b-9fc1-a4678e61d9e6,CERT-2569-61248,2026-07-25 02:09:12.340986+00
3f2482a7-6266-41fc-a598-f3e097958df9,9a714bb6-5631-4ea8-90c0-e5c13b02421f,a109394f-8232-4cfb-a47e-35a2d26ea230,CERT-2569-34128,2026-08-05 06:22:47.345393+00
3f5d1de4-7fc1-4851-b243-d6e8771ad2da,2ed441de-4477-452b-a66e-70ff7ff0785c,a109394f-8232-4cfb-a47e-35a2d26ea230,CERT-2569-55398,2026-07-23 08:57:04.138064+00
3f60d29c-3f73-461b-80ee-820a855d3237,b1016269-4336-47c5-a0ac-ce015bf18e40,e34c0a3a-3e74-4a18-86c9-0e8dd42a6dff,CERT-2569-09377,2026-08-05 08:18:05.714596+00
3f7463e9-2d9d-4b8a-a04c-e4da1d709e2d,2fd13300-6da7-443b-be95-60634552a4d7,a109394f-8232-4cfb-a47e-35a2d26ea230,CERT-2569-03115,2026-07-26 06:36:44.221352+00
409f9732-ab98-400e-b2ed-b5bec435b213,9a6b93e8-6f5b-46d6-8de2-c9fb7839e282,a109394f-8232-4cfb-a47e-35a2d26ea230,CERT-2569-53311,2026-07-28 06:10:28.495978+00
40c6de6c-c56d-4071-99a8-60b6035fa195,fd2e4702-3ef1-4b76-b33b-f8646f888a89,6007726b-5758-498b-9fc1-a4678e61d9e6,CERT-2569-28634,2026-07-25 03:15:32.937251+00
4101be79-4c41-480c-99fb-fee7d714b182,64814519-8267-4b0c-83f7-b00e7baea2f2,a109394f-8232-4cfb-a47e-35a2d26ea230,CERT-2569-22959,2026-08-04 04:06:28.499665+00
413717e7-b394-4f99-a378-4f498379411a,400d57a2-dfa8-414e-a09c-cb124d2f1ee3,6007726b-5758-498b-9fc1-a4678e61d9e6,CERT-2569-34085,2026-07-27 14:08:54.246226+00
41a26bab-2452-4ed5-bc79-32e1b05c8e8d,d6864e90-e1f2-4a1e-8b6f-768e69ccd848,6007726b-5758-498b-9fc1-a4678e61d9e6,CERT-2569-11212,2026-08-01 03:37:16.717574+00
41e2c286-5884-4869-9aec-4a31725a8124,51a9ba47-ba66-4807-a787-731225ed63c7,6007726b-5758-498b-9fc1-a4678e61d9e6,CERT-2569-43814,2026-07-31 06:39:06.622276+00
41f8d389-91a3-4c6d-a176-cc29bb68d924,208cfbac-69dd-4883-a784-63fa8564d752,a109394f-8232-4cfb-a47e-35a2d26ea230,CERT-2569-75273,2026-08-04 08:12:34.736103+00
4211fa72-3256-429b-a9e4-7e7967cb8d1c,d4193dcc-f7ac-4b13-a713-1ab0fa829f4c,a109394f-8232-4cfb-a47e-35a2d26ea230,CERT-2569-13762,2026-08-05 13:13:08.500671+00
42372593-150e-4a95-9081-3847c3fc6579,8edd6acf-6e7c-459f-915e-111c115032ea,a109394f-8232-4cfb-a47e-35a2d26ea230,CERT-2569-47730,2026-07-23 04:31:42.620077+00
435d5acf-e77d-423f-a253-0f2a32f461b0,3f21ad02-d43f-4aa0-9d8f-ef468368000b,e34c0a3a-3e74-4a18-86c9-0e8dd42a6dff,CERT-2569-38693,2026-07-27 09:11:35.579228+00
43b220d9-2d82-44fd-815b-ebe36c612534,b89e2a47-bbef-46f0-92e0-dc5aa150dabb,a109394f-8232-4cfb-a47e-35a2d26ea230,CERT-2569-37718,2026-07-24 07:23:39.035968+00
43ccd735-9b05-4a57-a584-1f1e31c54385,19176798-8ae8-4eb5-8cc4-acc580070892,6007726b-5758-498b-9fc1-a4678e61d9e6,CERT-2569-26126,2026-07-23 04:27:23.017616+00
4452fa36-caa0-4cb6-b7e7-3f64b5da1191,01492982-f355-453a-a7ea-e91aa30ccfda,6007726b-5758-498b-9fc1-a4678e61d9e6,CERT-2569-58619,2026-07-25 09:49:57.304564+00
44712088-7fd6-4efe-b008-ce0fbc01392b,5ce9c999-8cbe-4090-a9b5-2121d86def03,6007726b-5758-498b-9fc1-a4678e61d9e6,CERT-2569-49916,2026-07-23 09:37:57.545308+00
447aad8b-0aa8-4b55-80b3-970cc7a3dcc9,29d3adb3-b423-4c36-9ca1-a1310b7f50f1,6007726b-5758-498b-9fc1-a4678e61d9e6,CERT-2569-78060,2026-08-02 10:44:50.490608+00
44880d29-9a9d-480a-899b-326f7346c155,32f93a8d-f462-42c5-877f-a27c3a265d74,6007726b-5758-498b-9fc1-a4678e61d9e6,CERT-2569-56320,2026-07-23 06:33:22.928848+00
44aaa944-ed39-4d9e-87cd-59db90f2965d,24080104-2b82-4569-b3be-ca120a784a70,a109394f-8232-4cfb-a47e-35a2d26ea230,CERT-2569-10957,2026-08-06 07:19:07.622029+00
44c03519-b6c1-4d23-b125-386caa986d1c,4c71b600-bfef-4eb7-a8b8-a87c7aca0cd4,a109394f-8232-4cfb-a47e-35a2d26ea230,CERT-2569-75212,2026-08-04 04:20:33.251627+00
44d85bb9-443d-425d-9fd0-bee5c6b42df3,b7847392-7198-43f7-84de-fc024d1c9fc0,6007726b-5758-498b-9fc1-a4678e61d9e6,CERT-2569-08229,2026-07-23 15:40:47.835853+00
44e3acf9-ff20-4085-b5a9-6662a4a359a8,be04deba-4fa1-494a-86b4-db08414b9323,6007726b-5758-498b-9fc1-a4678e61d9e6,CERT-2569-33943,2026-07-25 11:00:45.905955+00
452fb17b-4aea-4f2b-ab32-38d94e40c109,18e40cbf-7dcb-4762-9246-18e18b030b40,a109394f-8232-4cfb-a47e-35a2d26ea230,CERT-2569-18415,2026-07-26 01:30:13.521295+00
4541c3a4-91ce-4b30-8901-60fee2763993,38552a66-8082-440d-b228-20a93f8aac97,a109394f-8232-4cfb-a47e-35a2d26ea230,CERT-2569-13178,2026-07-24 07:30:59.424148+00
4573baa2-30c9-41ae-ae1a-a375acdfb953,fbd74382-1301-4644-a725-99463c79be2e,e34c0a3a-3e74-4a18-86c9-0e8dd42a6dff,CERT-2569-56195,2026-07-23 07:29:32.551389+00
45e8bcd5-3921-4e8b-92de-de4a5ea06098,88b6fb28-8bff-4f42-8893-266efdbca5d2,6007726b-5758-498b-9fc1-a4678e61d9e6,CERT-2569-32611,2026-08-04 06:24:39.362839+00
45f47fd1-319c-4743-9652-b091c103fe7d,57ff58f4-418f-44e2-9a33-b5c3d1f01159,e34c0a3a-3e74-4a18-86c9-0e8dd42a6dff,CERT-2569-69270,2026-07-23 07:49:49.616945+00
463c831d-c851-4ef6-9c1a-9401afc178a0,b52d9388-9052-4e72-8491-38aa905812f9,a109394f-8232-4cfb-a47e-35a2d26ea230,CERT-2569-14529,2026-07-25 07:23:46.675561+00
4650da30-42b7-401b-8cc9-7d8241ad562c,24080104-2b82-4569-b3be-ca120a784a70,6007726b-5758-498b-9fc1-a4678e61d9e6,CERT-2569-56656,2026-08-06 06:31:14.376795+00
46808cd6-db05-4209-9158-da7eaac82224,b5e87bea-ffe6-460c-bc8b-15816cc861c6,a109394f-8232-4cfb-a47e-35a2d26ea230,CERT-2569-77772,2026-08-01 15:13:22.914007+00
468ca316-300a-405b-8efc-1265743b1d40,d65561c1-2b29-4a69-827b-7159ac46f36d,e34c0a3a-3e74-4a18-86c9-0e8dd42a6dff,CERT-2569-61674,2026-08-04 11:18:11.291258+00
469d7db6-df65-4716-b4a8-10a6cd8a2d4b,a0a9a815-ab6f-4a2b-9953-4cce2876bcbc,a109394f-8232-4cfb-a47e-35a2d26ea230,CERT-2569-79303,2026-07-23 11:12:51.701946+00
469fdda2-9522-4811-885f-b469625f04b5,e300b36e-5818-4c75-8cf9-c7f8ec2ab2a6,6007726b-5758-498b-9fc1-a4678e61d9e6,CERT-2569-61471,2026-07-27 05:47:09.029856+00
46e11e64-1d9c-4336-adfe-0e1c66d53b96,2a07b07a-608d-4a96-b732-6ebfb6a8b9fa,a109394f-8232-4cfb-a47e-35a2d26ea230,CERT-2569-89781,2026-08-05 07:20:18.32477+00
473bd1dd-d198-436d-b64a-1354a301f4a7,0f538acc-6a00-4772-be98-dd493d81a492,a109394f-8232-4cfb-a47e-35a2d26ea230,CERT-2569-46005,2026-07-29 05:17:26.760045+00
475e42fe-5191-4a8f-adc5-392c6f5b3651,f4b2c264-612c-4c3e-a892-04c740d2a817,a109394f-8232-4cfb-a47e-35a2d26ea230,CERT-2569-75100,2026-07-29 08:52:51.029943+00
48008ec7-2669-4961-bcb6-385ece053d62,bd0b5a5c-820c-442c-9dcf-0e01cbf57b9b,6007726b-5758-498b-9fc1-a4678e61d9e6,CERT-2569-42289,2026-08-07 06:01:22.966475+00
481ceea3-b2a7-4c16-9711-1b2b7d89a95a,860af250-6a07-4ab2-a561-c81f32d90c81,6007726b-5758-498b-9fc1-a4678e61d9e6,CERT-2569-18648,2026-07-24 09:43:52.886859+00
48e40a04-1763-4ac9-a5c0-5d75203d661f,23cc6713-f27f-4378-9bcc-7c0aed8d7dcf,a109394f-8232-4cfb-a47e-35a2d26ea230,CERT-2569-74482,2026-07-30 05:57:11.607576+00
48e419c4-01c7-4181-900e-0ff3a09b9353,fbd74382-1301-4644-a725-99463c79be2e,6007726b-5758-498b-9fc1-a4678e61d9e6,CERT-2569-65043,2026-07-23 07:55:32.199477+00
48f638e4-9ade-4269-b014-5c73e952bffa,b10a34ba-51d7-41b9-8bbf-4d161ba04899,6007726b-5758-498b-9fc1-a4678e61d9e6,CERT-2569-57244,2026-08-05 06:35:44.120262+00
491145ad-7d23-4690-a28b-d34dc73ff49f,f0611e1d-a8b4-4c8b-8347-be475ef21208,e34c0a3a-3e74-4a18-86c9-0e8dd42a6dff,CERT-2569-09482,2026-08-04 03:16:49.888056+00
4942d0cd-d98d-4dae-a714-97e0b3ed1c43,21e4ed53-f2e3-48b6-af93-c76b64eab7cb,e34c0a3a-3e74-4a18-86c9-0e8dd42a6dff,CERT-2569-31094,2026-07-24 03:11:27.46063+00
4a9d573b-8cf1-4a30-b1a7-4795d4e2502d,66b29ad8-eabf-40d0-9ae0-01bcd51ac9fc,6007726b-5758-498b-9fc1-a4678e61d9e6,CERT-2569-81125,2026-08-06 11:31:46.039534+00
4af3a313-39b4-4467-af47-a774aa3d9bd7,58f69ff3-cb27-42f4-8e0e-ac0a36bbfe14,6007726b-5758-498b-9fc1-a4678e61d9e6,CERT-2569-88925,2026-08-05 03:09:51.155317+00
4b06d970-6502-498b-853c-a42fcbbea51a,8d6cf286-748d-4a97-9f5f-a6216dce7dc5,e34c0a3a-3e74-4a18-86c9-0e8dd42a6dff,CERT-2569-44118,2026-07-23 06:50:19.205374+00
4b209048-aa7d-42f1-a744-f3d58cfaaffa,a07d610a-7235-4171-aae8-243b13cc7588,a109394f-8232-4cfb-a47e-35a2d26ea230,CERT-2569-31895,2026-08-04 03:19:02.672303+00
4b2cdb06-7c9a-450f-86f2-fda16216653b,82bba743-792a-4eb9-8b0b-6dc6a8eb065f,e34c0a3a-3e74-4a18-86c9-0e8dd42a6dff,CERT-2569-47429,2026-07-23 09:47:00.922175+00
4bbf82f0-320c-45b0-bdd3-7d371af785df,94ada6e4-0a90-470f-8e82-dd3ae1ae43ff,a109394f-8232-4cfb-a47e-35a2d26ea230,CERT-2569-33657,2026-07-24 01:40:18.58126+00
4bfceffa-d963-4eab-a4a3-714471cffdf4,77bb173f-0b5f-468b-8e3a-f87fd323df7e,a109394f-8232-4cfb-a47e-35a2d26ea230,CERT-2569-14042,2026-07-23 05:58:14.411189+00
4bffcb58-2e0d-477b-8fb2-b69c55686a6b,a0a9a815-ab6f-4a2b-9953-4cce2876bcbc,6007726b-5758-498b-9fc1-a4678e61d9e6,CERT-2569-72187,2026-07-23 11:17:46.213478+00
4c16e6f0-e65d-4018-86ff-8f691bc2dd60,7b72e9eb-da61-4ab8-ad9e-3f8d3cc25637,e34c0a3a-3e74-4a18-86c9-0e8dd42a6dff,CERT-2569-32725,2026-07-23 05:36:13.733865+00
4c241df2-7b29-46bc-89ef-5933f9109d50,7bb875c9-53f4-4c36-8aeb-b8dcdc6fd740,6007726b-5758-498b-9fc1-a4678e61d9e6,CERT-2569-00175,2026-07-25 08:02:41.79294+00
4c3e3741-2486-4a32-bb92-54dbf54e0794,27311ea6-b384-49cf-b06e-c51ee72ab254,a109394f-8232-4cfb-a47e-35a2d26ea230,CERT-2569-52581,2026-07-07 06:49:54.703242+00
4d0613f3-78a4-405c-82c9-b1846f0dfa1f,30500acf-81ae-4747-b24a-d97386d4b995,a109394f-8232-4cfb-a47e-35a2d26ea230,CERT-2569-25160,2026-07-24 02:05:06.746219+00
4d36288a-65ea-463a-8cc1-206cdf5bcc7c,f0efb11e-4234-4d36-b882-d81d9b92a60d,e34c0a3a-3e74-4a18-86c9-0e8dd42a6dff,CERT-2569-45401,2026-08-01 16:30:25.650659+00
4d4152d4-376a-45c5-91a0-c349c8c43fac,a1cb872b-9948-4602-baf7-627495ac8f65,a109394f-8232-4cfb-a47e-35a2d26ea230,CERT-2569-73996,2026-08-04 08:58:21.884065+00
4d81d0fb-aa2d-48f3-a79e-8315b21dd7bf,cf30660a-aef9-4e40-9e20-e823e8c485c8,a109394f-8232-4cfb-a47e-35a2d26ea230,CERT-2569-37943,2026-07-23 07:25:31.181233+00
4e20bd5f-4fbc-4981-bdd7-a73dfad1cf7e,22ee4b06-dff7-434c-8d05-1cdac8341f35,6007726b-5758-498b-9fc1-a4678e61d9e6,CERT-2569-38962,2026-08-05 10:14:13.059763+00
4e23a5ea-4df1-45cc-a28d-e246d77bf6af,4269221e-4eba-46d3-a2e3-555988891e36,6007726b-5758-498b-9fc1-a4678e61d9e6,CERT-2569-88154,2026-07-24 12:01:35.321603+00
4e7ef01f-2b0c-4484-b2b9-d747a648e68a,96482921-68ce-4f88-a3ee-096821196f01,e34c0a3a-3e74-4a18-86c9-0e8dd42a6dff,CERT-2569-78017,2026-07-23 11:31:13.104367+00
4eb8112b-2dcd-46e2-a683-5f7673c00c27,7be09e64-91e6-4ba7-9827-7d4af6d235f8,e34c0a3a-3e74-4a18-86c9-0e8dd42a6dff,CERT-2569-96744,2026-08-04 14:25:15.445649+00
4ed634b7-2dc4-4e4d-9939-4e77946dbd2f,98fddc78-9d64-492f-82a3-e9796d8a3b76,a109394f-8232-4cfb-a47e-35a2d26ea230,CERT-2569-73229,2026-07-24 09:06:59.588218+00
4ee83ab5-e44b-49a4-83a7-91126931bbb8,16ed6e84-e390-4731-904a-9d23d4d1e818,a109394f-8232-4cfb-a47e-35a2d26ea230,CERT-2569-82737,2026-07-23 04:45:22.461146+00
4ef31533-e595-40f3-94f0-8be7dd707165,97b32fd9-8e7a-4160-a448-921974906d62,a109394f-8232-4cfb-a47e-35a2d26ea230,CERT-2569-79089,2026-07-25 04:22:02.297864+00
4f32cc9e-9c46-476d-aaea-5407f4d29958,7b72e9eb-da61-4ab8-ad9e-3f8d3cc25637,6007726b-5758-498b-9fc1-a4678e61d9e6,CERT-2569-27640,2026-07-23 05:15:50.947146+00
4f4b875e-4623-4b99-a933-cc973a998550,90eb87e1-8bfa-4b1d-b77a-5c2ba9df9b33,6007726b-5758-498b-9fc1-a4678e61d9e6,CERT-2569-60991,2026-07-29 10:04:06.606709+00
4f753014-74f4-44db-b8c0-3988e65fb531,87b0d555-47e4-4903-a5ea-e340b18b1cb7,6007726b-5758-498b-9fc1-a4678e61d9e6,CERT-2569-25392,2026-07-25 13:04:44.150181+00
4f826a57-edf1-4c1c-ab31-67788bdc5797,58a9228d-67c5-4ab3-8d22-8f798dd56195,a109394f-8232-4cfb-a47e-35a2d26ea230,CERT-2569-81277,2026-07-23 03:56:14.350034+00
5001e440-88b8-46cd-8d75-ccff3e14104b,a983da43-82e2-4bce-9991-de90e765753f,e34c0a3a-3e74-4a18-86c9-0e8dd42a6dff,CERT-2569-04856,2026-07-23 05:42:28.701201+00
5019df29-77cf-4cc5-aab1-a8be5a46cb4c,2a226d81-fb0d-4ad0-9438-831942e3f24b,a109394f-8232-4cfb-a47e-35a2d26ea230,CERT-2569-27749,2026-07-23 05:43:39.61405+00
501de332-0ecd-4e9c-b10c-08d54c366206,d65561c1-2b29-4a69-827b-7159ac46f36d,6007726b-5758-498b-9fc1-a4678e61d9e6,CERT-2569-22563,2026-08-04 11:22:42.973826+00
5020d617-816e-4254-9102-e258d92b181a,f73dde9f-dc2c-432b-a13b-dd5d0c7ff948,6007726b-5758-498b-9fc1-a4678e61d9e6,CERT-2569-35928,2026-07-24 09:21:53.140164+00
5081c1b7-1dd2-41c4-b5f0-3d178fd4e156,381cf4e2-d307-4978-954d-569c50129ef9,a109394f-8232-4cfb-a47e-35a2d26ea230,CERT-2569-07357,2026-07-27 20:10:55.784322+00
50935494-3279-47d8-9064-7c31f84ce5e8,3503c394-5000-4034-8e1c-4520805e035c,6007726b-5758-498b-9fc1-a4678e61d9e6,CERT-2569-63244,2026-07-23 08:33:59.176475+00
50b3719c-94ff-4030-912a-be588e46fb11,6c571ce0-5297-4d71-abd5-333eba5ff8c3,a109394f-8232-4cfb-a47e-35a2d26ea230,CERT-2569-16969,2026-07-29 04:02:52.673273+00
50d860dd-93df-4425-aa26-49715a2020b3,81f27410-95ae-4920-9f9a-1b248465652d,6007726b-5758-498b-9fc1-a4678e61d9e6,CERT-2569-92434,2026-07-24 07:39:27.880625+00
5123acf9-4d04-45f9-bebe-0f0378c9a79d,c237779d-d1ca-4ce2-8287-5beb4af532cc,a109394f-8232-4cfb-a47e-35a2d26ea230,CERT-2569-12777,2026-07-23 23:37:51.155203+00
5138d956-461a-4bc8-87ab-83c7a9e084c5,abb860de-5829-44e9-aa89-118a207d8075,a109394f-8232-4cfb-a47e-35a2d26ea230,CERT-2569-23964,2026-07-30 13:40:16.715925+00
5189b0b1-1879-44c7-9fd6-5f4203eca49c,51c1fc33-a23e-4718-a273-9b76a655a990,a109394f-8232-4cfb-a47e-35a2d26ea230,CERT-2569-66968,2026-07-23 07:10:27.388941+00
5192f99a-2fe9-48c9-89cd-f9685bae6517,c273a709-6483-4acf-8172-56e8682b2b5d,a109394f-8232-4cfb-a47e-35a2d26ea230,CERT-2569-80668,2026-07-25 09:21:17.419757+00
519768d0-1e38-430a-9e26-faca6a644eac,4856b4d5-1050-4590-8952-10112dee368c,e34c0a3a-3e74-4a18-86c9-0e8dd42a6dff,CERT-2569-66961,2026-08-03 09:22:02.463637+00
51efe5e3-5b0b-4519-8c76-a285c7591a27,0b6842ab-9683-4f49-968d-69cfd14c58fb,a109394f-8232-4cfb-a47e-35a2d26ea230,CERT-2569-30111,2026-07-27 12:50:21.092596+00
51f34b88-3508-4ed5-8bed-519d1a8f46cb,950c16eb-6f64-46e8-ac44-5dffa6184b34,e34c0a3a-3e74-4a18-86c9-0e8dd42a6dff,CERT-2569-10000,2026-07-23 06:03:34.260026+00
521ffadc-2d38-4b34-a0d0-54cc90ca3928,05de5fa6-08fa-452c-83d7-148e8458edf0,e34c0a3a-3e74-4a18-86c9-0e8dd42a6dff,CERT-2569-05804,2026-07-23 14:27:12.78083+00
5259a471-9231-45b9-b1aa-c11acda0f50b,a1c4bac3-05b8-443e-b561-aefd2aa2226d,e34c0a3a-3e74-4a18-86c9-0e8dd42a6dff,CERT-2569-09503,2026-07-23 04:30:30.35318+00
5276040f-5733-4c40-a29c-34dca1b00417,2e7dc3fe-7734-4eac-9da5-5c37055c62e9,e34c0a3a-3e74-4a18-86c9-0e8dd42a6dff,CERT-2569-68727,2026-08-05 04:08:17.281264+00
527f6273-a322-463c-814e-1f2dae425b71,f9d12061-b225-4afe-9628-b6fa117cbcc0,6007726b-5758-498b-9fc1-a4678e61d9e6,CERT-2569-56219,2026-07-23 08:28:21.784575+00
53a99757-98ba-4065-a29f-56c7c1487539,cf59d937-9303-47f4-a8ed-9aca45d45b0e,6007726b-5758-498b-9fc1-a4678e61d9e6,CERT-2569-30278,2026-07-23 04:15:24.183471+00
53cfae8b-524b-40d4-b16b-360dc714bc1c,0d074324-50fa-4f3c-a21e-46c5542c2435,e34c0a3a-3e74-4a18-86c9-0e8dd42a6dff,CERT-2569-54718,2026-07-23 04:40:48.404809+00
53df74e5-cd6c-4429-9680-e774e5da9ade,3416244d-c29b-48b2-829b-6f26b8717ebc,e34c0a3a-3e74-4a18-86c9-0e8dd42a6dff,CERT-2569-90097,2026-07-23 09:08:51.93848+00
540759ce-dd0f-4040-8d40-dfba7512295e,05de5fa6-08fa-452c-83d7-148e8458edf0,a109394f-8232-4cfb-a47e-35a2d26ea230,CERT-2569-55779,2026-07-23 14:11:29.858134+00
543916a6-4973-43fe-ab3a-b0620891570b,f0ecbf68-07a4-41e5-8d80-0df2553cefe1,6007726b-5758-498b-9fc1-a4678e61d9e6,CERT-2569-70541,2026-07-27 09:03:29.851376+00
545f93e8-fcec-4265-b0cd-d6eeccb8914e,c4579eb3-1476-42ea-a0c3-477376a97f95,a109394f-8232-4cfb-a47e-35a2d26ea230,CERT-2569-28971,2026-07-24 08:43:15.462513+00
54e0aa11-3cd5-4e21-9ea7-1a2ab0d2dbe0,b4c4f1b9-ed8c-4a9f-b755-03a707e5c62d,6007726b-5758-498b-9fc1-a4678e61d9e6,CERT-2569-31879,2026-08-03 03:27:37.639618+00
550fa3c4-cd8b-4865-a6dd-5db17cf231c9,137ad5be-6da9-441b-a4c7-5ea906a8b67c,e34c0a3a-3e74-4a18-86c9-0e8dd42a6dff,CERT-2569-91119,2026-07-27 08:36:52.39131+00
5519ce4a-54a7-4ae5-880e-5d48c5b02e0e,b5e87bea-ffe6-460c-bc8b-15816cc861c6,6007726b-5758-498b-9fc1-a4678e61d9e6,CERT-2569-53442,2026-08-01 15:39:41.088429+00
556717e2-e188-4f2b-8cd6-d69ec139b539,7394f74e-013b-4276-8616-4fe9293f88c2,a109394f-8232-4cfb-a47e-35a2d26ea230,CERT-2569-20424,2026-07-25 10:19:13.01012+00
55f38018-5940-40ae-a895-6dbc009a0d88,216f60ec-f617-42ee-b762-4f5bb4960e00,6007726b-5758-498b-9fc1-a4678e61d9e6,CERT-2569-03421,2026-07-23 05:52:10.396851+00
5619ec3c-2b46-402b-809a-f2bbd4d3e59b,9a70030d-f206-4526-9187-85101d23a6b6,e34c0a3a-3e74-4a18-86c9-0e8dd42a6dff,CERT-2569-73658,2026-08-03 04:34:25.27307+00
56357ab8-5898-41fe-bf36-fa790f1b4bea,35f1c72c-77b0-4fe2-a5b4-6121ea19f501,a109394f-8232-4cfb-a47e-35a2d26ea230,CERT-2569-18750,2026-07-23 09:00:45.119413+00
567c127b-6a5b-4301-97ad-ec8f9111e43b,4dc9a33b-6b02-44f1-a8cc-132d84854ffc,6007726b-5758-498b-9fc1-a4678e61d9e6,CERT-2569-46096,2026-07-31 03:48:48.676511+00
56d5f75e-167f-471f-976c-3257d8399032,a5d2583d-5f50-4b68-8c69-2197315a11d3,6007726b-5758-498b-9fc1-a4678e61d9e6,CERT-2569-25680,2026-08-04 03:19:38.463186+00
57581d38-58f2-4590-b572-30e00e1cda38,979b6463-690c-482c-a7b1-ed3bce6747ea,a109394f-8232-4cfb-a47e-35a2d26ea230,CERT-2569-73660,2026-07-29 17:10:14.248075+00
57db46d4-aae8-4e15-8ac0-e2a8b92a0e9c,58167042-074f-4500-8488-ee458c405cf6,a109394f-8232-4cfb-a47e-35a2d26ea230,CERT-2569-37706,2026-07-23 03:57:24.957985+00
57dbcd6c-b623-4e22-ba21-5139cdcb88e0,2a226d81-fb0d-4ad0-9438-831942e3f24b,6007726b-5758-498b-9fc1-a4678e61d9e6,CERT-2569-00275,2026-07-23 06:13:06.916082+00
57fdeca2-ad45-40fd-9d28-ad32f5ec57ad,5ef1a556-2f75-48a1-9f5a-c4877e6e70a1,e34c0a3a-3e74-4a18-86c9-0e8dd42a6dff,CERT-2569-55643,2026-08-03 05:21:58.545769+00
586202f7-f3e7-4132-b687-65ce501b705d,23cc6713-f27f-4378-9bcc-7c0aed8d7dcf,e34c0a3a-3e74-4a18-86c9-0e8dd42a6dff,CERT-2569-30754,2026-07-30 05:49:41.054623+00
586684e0-7b38-4d55-9a11-2e8940b37e03,4d4bab73-732e-4a22-966f-753602395bc6,a109394f-8232-4cfb-a47e-35a2d26ea230,CERT-2569-44714,2026-07-23 05:59:52.684161+00
589f30af-5cb7-4f0a-b6cf-4604ff29af60,e635097d-f392-45fa-bccf-d75bfb07060c,6007726b-5758-498b-9fc1-a4678e61d9e6,CERT-2569-01024,2026-07-31 09:00:51.31341+00
58b09db4-cb68-4cf8-8e10-e7fefd5ca5a1,33b622e2-2613-4ebc-ab15-d79cd7211938,e34c0a3a-3e74-4a18-86c9-0e8dd42a6dff,CERT-2569-80064,2026-08-03 08:24:03.67829+00
5936c8f1-a78a-4970-92d3-39173e2e5fff,247897ff-6546-4055-a53c-693aa8a90318,6007726b-5758-498b-9fc1-a4678e61d9e6,CERT-2569-37208,2026-07-25 07:49:53.025331+00
595aae04-e02f-4b61-9928-78cdfd2a0f28,a07d610a-7235-4171-aae8-243b13cc7588,6007726b-5758-498b-9fc1-a4678e61d9e6,CERT-2569-28518,2026-08-04 03:30:35.992203+00
596e462e-5cdb-4446-bfec-21dec3c575b2,3337661d-810c-494f-93e4-0688c5793938,a109394f-8232-4cfb-a47e-35a2d26ea230,CERT-2569-09389,2026-07-26 02:47:58.939875+00
59809b92-e230-409a-b140-219e858ca570,a1d04c79-f4ad-4dcf-b739-c629eb6282c0,e34c0a3a-3e74-4a18-86c9-0e8dd42a6dff,CERT-2569-42742,2026-08-04 08:05:35.506309+00
59c2ceda-ff50-46fa-bd83-9412556d976f,98be6aa1-2d21-4e5f-82fb-c51a69c1ec4f,6007726b-5758-498b-9fc1-a4678e61d9e6,CERT-2569-42047,2026-07-23 07:39:22.002024+00
5a22242e-baad-446a-85d7-16f4e4a7b677,79cce0aa-6120-4394-b09d-fd1b8e1625d3,a109394f-8232-4cfb-a47e-35a2d26ea230,CERT-2569-22754,2026-08-04 03:08:46.364055+00
5a779cef-7bda-4c52-8fe8-17c7af9b135d,eeefea45-6383-49a2-be03-a8f91aeb151d,a109394f-8232-4cfb-a47e-35a2d26ea230,CERT-2569-53405,2026-07-29 04:39:12.744476+00
5aadac2d-298a-4a28-8cfd-0d6b6b432d69,ee43bed2-c9dd-4cbe-9e3e-bb11c4133fb6,6007726b-5758-498b-9fc1-a4678e61d9e6,CERT-2569-82005,2026-07-23 14:21:11.788944+00
5ab81652-c0ab-4eab-a6d7-baff3f8539dd,35f1c72c-77b0-4fe2-a5b4-6121ea19f501,e34c0a3a-3e74-4a18-86c9-0e8dd42a6dff,CERT-2569-09759,2026-07-23 08:55:16.232502+00
5ac7209a-b6ea-46d9-a6de-1fcff785b762,a09de892-7f59-40c4-9cfb-64fd6d8be867,e34c0a3a-3e74-4a18-86c9-0e8dd42a6dff,CERT-2569-71436,2026-07-31 02:21:58.343689+00
5b8faa95-e94e-4363-ba41-d96b67d524a2,9a70030d-f206-4526-9187-85101d23a6b6,6007726b-5758-498b-9fc1-a4678e61d9e6,CERT-2569-88960,2026-08-03 04:15:13.913834+00
5bb71ea3-8d1c-4938-8f23-29e9a708a096,8818a9b2-d157-4bb5-9ceb-96768f66b664,a109394f-8232-4cfb-a47e-35a2d26ea230,CERT-2569-24543,2026-08-04 03:11:07.452409+00
5bba945a-154c-4832-ac70-2711da3ca35e,3d2e6c1b-f05e-4a65-9a0c-d06d18466006,6007726b-5758-498b-9fc1-a4678e61d9e6,CERT-2569-53524,2026-07-23 06:11:40.411999+00
5c1c15db-431b-4489-af34-e4ff4f6ff1c8,aa76a236-808d-496b-a681-2ed8ac125d49,6007726b-5758-498b-9fc1-a4678e61d9e6,CERT-2569-62537,2026-07-23 03:43:32.038772+00
5d1cc257-0bd6-4a2d-87a9-b7d5ae0c605c,137ad5be-6da9-441b-a4c7-5ea906a8b67c,a109394f-8232-4cfb-a47e-35a2d26ea230,CERT-2569-65494,2026-07-27 08:49:57.141927+00
5d588edb-234b-4ab4-809c-c7178e630c06,0108924a-07cb-4f17-8a1f-076cfb066157,a109394f-8232-4cfb-a47e-35a2d26ea230,CERT-2569-39977,2026-08-05 04:20:09.77939+00
5d6632d2-c130-4ab7-9c73-bfc7a91d5ee7,44e151ee-1a44-43c8-a927-2ba24945f61c,a109394f-8232-4cfb-a47e-35a2d26ea230,CERT-2569-13448,2026-08-06 06:12:50.268304+00
5db5e57a-e36e-4a44-af61-6766e93e32f1,4fb29154-477d-4fc2-8d43-dd614cc598ca,6007726b-5758-498b-9fc1-a4678e61d9e6,CERT-2569-05863,2026-07-25 15:26:48.592201+00
5ec60180-cddd-47de-8d18-aa2f23aca668,0da85836-9332-48a0-92f5-38d436242e5c,6007726b-5758-498b-9fc1-a4678e61d9e6,CERT-2569-11910,2026-08-06 08:14:50.568835+00
5ef6576f-2093-4a14-b9af-ebb3220c4317,2be8124a-0220-47a1-bb8b-4327aac6f4bf,6007726b-5758-498b-9fc1-a4678e61d9e6,CERT-2569-65773,2026-07-23 05:40:22.190827+00
5f2a2ff0-074c-408c-8e1c-9c01b9eda405,78744f74-3731-4c7c-9d1f-f5614a7918da,a109394f-8232-4cfb-a47e-35a2d26ea230,CERT-2569-87451,2026-08-07 07:27:11.378811+00
5f420a18-e4f0-44f9-8340-6827a9b3f56f,95735229-fc26-4fc3-95c7-10203733b02c,e34c0a3a-3e74-4a18-86c9-0e8dd42a6dff,CERT-2569-54527,2026-07-30 06:34:04.952942+00
5f745ce7-e1da-4575-91b2-71a08e755c48,c57544e8-e9b0-43cb-acf2-7ea1f504ec52,a109394f-8232-4cfb-a47e-35a2d26ea230,CERT-2569-96931,2026-07-24 05:59:27.301591+00
5f94dd5f-fa70-4a85-b9b2-d846023fdebd,247897ff-6546-4055-a53c-693aa8a90318,e34c0a3a-3e74-4a18-86c9-0e8dd42a6dff,CERT-2569-21031,2026-07-25 07:34:04.206214+00
5fa55e76-bc48-473c-a8eb-2dac5f57be52,f4b2c264-612c-4c3e-a892-04c740d2a817,6007726b-5758-498b-9fc1-a4678e61d9e6,CERT-2569-98253,2026-07-29 08:57:50.815492+00
5faa92c1-79c5-4212-a88e-425643aee8d7,78744f74-3731-4c7c-9d1f-f5614a7918da,6007726b-5758-498b-9fc1-a4678e61d9e6,CERT-2569-20225,2026-08-07 07:17:32.019461+00
601d817d-08fb-40f6-846c-8dfc202f9bfb,b15ecc9c-06f1-46f3-877a-560e98daa6c3,6007726b-5758-498b-9fc1-a4678e61d9e6,CERT-2569-06645,2026-08-03 04:18:28.623912+00
6033b42b-00e8-4767-933d-3235522c848e,f2b07177-7f9c-47bf-b69d-aaa1883cc9ef,e34c0a3a-3e74-4a18-86c9-0e8dd42a6dff,CERT-2569-94482,2026-07-26 06:13:12.876328+00
60c06b85-37f1-4d51-a35d-86330526414c,22a84ef7-8939-4e61-ae51-87954cb4ee94,6007726b-5758-498b-9fc1-a4678e61d9e6,CERT-2569-81082,2026-08-06 06:03:22.799307+00
61469547-13dd-4f04-b78a-8272bfc0d639,4837c7aa-eb11-49fe-a9d7-a0bd108ee9e3,6007726b-5758-498b-9fc1-a4678e61d9e6,CERT-2569-80955,2026-07-23 07:48:40.135278+00
615fae14-962b-4348-b909-2a5f6af8f5ea,6325fd8d-ff94-48c9-87ab-f30bc1bf113a,e34c0a3a-3e74-4a18-86c9-0e8dd42a6dff,CERT-2569-88945,2026-07-27 06:19:45.514705+00
616083af-1c0a-444b-a662-53aa7f058296,ea03bd6a-5a57-43ea-9c1e-0bec5a837b32,e34c0a3a-3e74-4a18-86c9-0e8dd42a6dff,CERT-2569-96166,2026-08-03 14:29:43.008807+00
61b3c3c3-84c1-4d3e-8ec9-da00eedc32fa,67001d3b-86dc-4e7d-8a3a-61d3415bb5e3,e34c0a3a-3e74-4a18-86c9-0e8dd42a6dff,CERT-2569-49871,2026-08-07 03:01:09.042629+00
61b41236-e32c-41d6-b2e3-0ec8124e17e5,2123969d-2a11-4eeb-9e65-b42f0e6f69f0,e34c0a3a-3e74-4a18-86c9-0e8dd42a6dff,CERT-2569-48101,2026-07-25 08:41:32.826919+00
62142df3-c624-4edd-9aac-2f84c257d789,91dafa31-ab5a-49b4-b6fd-c128ae82b2d3,a109394f-8232-4cfb-a47e-35a2d26ea230,CERT-2569-93628,2026-07-29 03:28:22.356494+00
621b33cb-2258-4f86-b718-5c52ea4cd5dd,3e8d1500-9ac3-46c3-84ad-2dc7dcdc7d19,6007726b-5758-498b-9fc1-a4678e61d9e6,CERT-2569-67547,2026-07-23 13:22:07.939691+00
62284d6d-8b03-4b11-9e12-75aed0264875,8818a9b2-d157-4bb5-9ceb-96768f66b664,6007726b-5758-498b-9fc1-a4678e61d9e6,CERT-2569-76276,2026-08-04 01:57:02.729943+00
62d6483c-8349-4a41-8c7b-52cfb83b8dba,57ff58f4-418f-44e2-9a33-b5c3d1f01159,a109394f-8232-4cfb-a47e-35a2d26ea230,CERT-2569-99695,2026-07-23 09:00:11.31347+00
63061329-ad92-4806-a795-b66e041660fc,f5dcd8b8-cea9-492a-b5c6-965a4ccf6eb4,a109394f-8232-4cfb-a47e-35a2d26ea230,CERT-2569-77157,2026-07-28 08:26:45.767293+00
63458f82-a503-4819-b1b9-2e91b715c300,38552a66-8082-440d-b228-20a93f8aac97,e34c0a3a-3e74-4a18-86c9-0e8dd42a6dff,CERT-2569-06382,2026-07-24 08:44:29.901879+00
63a50bee-883e-48fa-b87b-26b7badfc6dc,004d674b-d665-43a2-a961-abf7969586fe,a109394f-8232-4cfb-a47e-35a2d26ea230,CERT-2569-44361,2026-08-05 03:03:46.125536+00
63b4f56d-affa-4aaa-bda0-617aea72902a,4fb29154-477d-4fc2-8d43-dd614cc598ca,e34c0a3a-3e74-4a18-86c9-0e8dd42a6dff,CERT-2569-99063,2026-07-25 15:55:59.586158+00
64008cd8-5ad8-4aa4-9f0c-77d7d410a5df,9a714bb6-5631-4ea8-90c0-e5c13b02421f,6007726b-5758-498b-9fc1-a4678e61d9e6,CERT-2569-19243,2026-08-05 07:54:39.578154+00
64037b54-7d9a-40ac-a90d-c174906d97f2,21e4ed53-f2e3-48b6-af93-c76b64eab7cb,a109394f-8232-4cfb-a47e-35a2d26ea230,CERT-2569-92881,2026-07-24 03:15:28.252436+00
64960e71-feb5-4cef-a3b0-d130316756a6,4fb29154-477d-4fc2-8d43-dd614cc598ca,a109394f-8232-4cfb-a47e-35a2d26ea230,CERT-2569-58985,2026-07-25 16:21:29.158823+00
6540fa22-f825-42f4-ad89-726bb8c4ebd1,28a69174-101c-4ecc-973f-b8ff3e9ec1b7,e34c0a3a-3e74-4a18-86c9-0e8dd42a6dff,CERT-2569-76311,2026-07-31 15:25:04.091844+00
668bc5c4-afd3-44b1-8c5f-3700f4a82251,6c571ce0-5297-4d71-abd5-333eba5ff8c3,e34c0a3a-3e74-4a18-86c9-0e8dd42a6dff,CERT-2569-44596,2026-07-28 04:02:34.334891+00
66a191b5-f040-40c1-a4d8-0df1ce25a4ea,e9ca3771-96f8-4d29-9b0a-4ea63dca815c,6007726b-5758-498b-9fc1-a4678e61d9e6,CERT-2569-25619,2026-07-23 07:05:14.78818+00
67713fc5-c3d1-4691-bb72-bd92f0a6ea74,4f6b5e31-8906-4e0a-bb32-7b80a4921e2e,6007726b-5758-498b-9fc1-a4678e61d9e6,CERT-2569-62521,2026-07-30 06:24:44.125176+00
67d26fb3-5ba4-4221-a7a3-72df475f4b3c,d61e875b-5bc8-4667-ad68-c0086c7eb0f1,6007726b-5758-498b-9fc1-a4678e61d9e6,CERT-2569-32424,2026-07-23 05:55:25.171973+00
6826602b-aa37-47ab-bdd8-575dd4a82d2b,38552a66-8082-440d-b228-20a93f8aac97,6007726b-5758-498b-9fc1-a4678e61d9e6,CERT-2569-35974,2026-07-24 08:29:28.109785+00
685918d2-0457-4045-b003-2b2ac835eb4f,258e0db0-b275-4c26-b77a-6cf2936d9ada,6007726b-5758-498b-9fc1-a4678e61d9e6,CERT-2569-76536,2026-07-23 05:36:38.180112+00
6898da8a-7031-418e-8453-608a7d091499,6bcfc9ce-8e2c-4dde-973d-b49f4425440f,e34c0a3a-3e74-4a18-86c9-0e8dd42a6dff,CERT-2569-96463,2026-07-31 02:11:39.283306+00
68aae45c-5d80-441c-b336-ac499f77a046,20293ec4-ca2c-4076-a978-70d9c2c9e86a,a109394f-8232-4cfb-a47e-35a2d26ea230,CERT-2569-96292,2026-07-23 08:51:02.024406+00
68ac1645-4898-4047-b689-5fa5559ddca5,c5f8c581-9713-4c2f-8dfc-85860ad0882f,6007726b-5758-498b-9fc1-a4678e61d9e6,CERT-2569-09209,2026-08-03 13:05:45.70392+00
68f66f1d-565e-46ae-8005-97233339ef92,5cb0dfca-7a11-4aab-b993-dcec37454254,6007726b-5758-498b-9fc1-a4678e61d9e6,CERT-2569-61626,2026-08-04 14:07:04.957+00
693e4711-73f1-497f-b1f1-3273875e4cfd,e9ca3771-96f8-4d29-9b0a-4ea63dca815c,e34c0a3a-3e74-4a18-86c9-0e8dd42a6dff,CERT-2569-93656,2026-07-23 06:31:19.233375+00
69612f40-0d67-4175-a91f-3aae1056f743,da716101-68e7-40cb-a2d9-0dfb7bf8231f,a109394f-8232-4cfb-a47e-35a2d26ea230,CERT-2569-08754,2026-07-23 07:46:46.309182+00
6a1d2ff7-77d1-4620-a335-f6ca6d6b7f52,96896897-5941-460e-8e45-d77d401d8358,a109394f-8232-4cfb-a47e-35a2d26ea230,CERT-2569-04975,2026-07-25 11:29:42.131335+00
6a65c6bd-52fb-4531-bd9d-37bd6e20400b,ad906dad-320c-451f-be06-1141f65ed44f,e34c0a3a-3e74-4a18-86c9-0e8dd42a6dff,CERT-2569-93463,2026-07-23 09:36:44.37749+00
6ab6fc91-76f6-432b-8b88-58a816028cc2,e5fc6f49-bf82-4c1c-b404-91b5dc5efa9c,a109394f-8232-4cfb-a47e-35a2d26ea230,CERT-2569-00989,2026-07-26 14:20:35.9722+00
6abac481-2a99-4e29-a381-db4ef82ecf61,d0bb30b4-b156-4a60-bead-3d27063296ab,e34c0a3a-3e74-4a18-86c9-0e8dd42a6dff,CERT-2569-45990,2026-07-24 09:24:54.870458+00
6b5f6969-3241-4da0-8820-6e688d2f2d5e,e4defeaa-f2c7-4164-ab5c-477686b58a4d,e34c0a3a-3e74-4a18-86c9-0e8dd42a6dff,CERT-2569-36260,2026-07-23 08:42:37.235109+00
6bb2f92e-0db6-4e92-a633-f2cc3778f503,5cb0dfca-7a11-4aab-b993-dcec37454254,e34c0a3a-3e74-4a18-86c9-0e8dd42a6dff,CERT-2569-62424,2026-08-04 14:32:34.210908+00
6be5e7c9-1dcd-4df6-86ac-c4034bb03c15,c5a100bc-cabb-46df-bab2-5f48dd69cfcd,a109394f-8232-4cfb-a47e-35a2d26ea230,CERT-2569-12131,2026-08-04 17:39:36.336515+00
6ca3b251-73fe-4915-b0f1-9d4980be2710,0108924a-07cb-4f17-8a1f-076cfb066157,6007726b-5758-498b-9fc1-a4678e61d9e6,CERT-2569-76784,2026-08-05 04:06:01.788389+00
6cb61be7-7117-45c9-b0cb-9f95e3351077,da716101-68e7-40cb-a2d9-0dfb7bf8231f,6007726b-5758-498b-9fc1-a4678e61d9e6,CERT-2569-56052,2026-07-23 07:33:46.50897+00
6d0cd80c-e338-446f-a8f0-c4eb9bd878ff,67db4ce7-fcdc-4016-8979-0c78c5e277a8,6007726b-5758-498b-9fc1-a4678e61d9e6,CERT-2569-24490,2026-08-04 03:57:09.702199+00
6d570062-3fb1-44e1-9443-664ce2bd0ebe,dd8bd224-219a-48b8-a4d7-233fd08654ae,a109394f-8232-4cfb-a47e-35a2d26ea230,CERT-2569-53631,2026-08-03 05:35:16.178447+00
6d73c10c-977b-4f9b-8819-ae1f9a90a9d3,9980329f-ad10-4ece-8fcb-5852ca8b937a,6007726b-5758-498b-9fc1-a4678e61d9e6,CERT-2569-54980,2026-07-31 01:27:37.904417+00
6d874bd1-10b4-4295-9c1b-91a9f215beee,151b1a29-7ec0-4081-b26b-9f1f4100f9fe,6007726b-5758-498b-9fc1-a4678e61d9e6,CERT-2569-38819,2026-08-06 08:28:03.574842+00
6e5a4a79-adcc-445a-b2a6-57abd6be5f3a,f2b07177-7f9c-47bf-b69d-aaa1883cc9ef,6007726b-5758-498b-9fc1-a4678e61d9e6,CERT-2569-95851,2026-07-26 05:56:20.740542+00
6e5e803b-3be7-4cfc-a19e-5807c2f86470,b6b3fa2d-2cba-4263-a68f-bcbf5e656f0a,e34c0a3a-3e74-4a18-86c9-0e8dd42a6dff,CERT-2569-24252,2026-07-29 07:10:42.498464+00
6ef2e025-7baf-4f04-9754-a362bce228ae,90eb87e1-8bfa-4b1d-b77a-5c2ba9df9b33,e34c0a3a-3e74-4a18-86c9-0e8dd42a6dff,CERT-2569-85531,2026-07-31 09:29:47.212993+00
6f31eccc-8351-4f3f-a6a0-5b5502331bf5,6336c89b-8a8e-41d7-9b17-28bdae565462,e34c0a3a-3e74-4a18-86c9-0e8dd42a6dff,CERT-2569-21134,2026-07-26 14:37:46.48315+00
6f32c5be-da97-451e-a518-93376d7c69a6,51c1fc33-a23e-4718-a273-9b76a655a990,6007726b-5758-498b-9fc1-a4678e61d9e6,CERT-2569-55114,2026-07-23 07:28:05.240792+00
6f54acb6-5d0e-4bc7-810c-841823f480f1,3416244d-c29b-48b2-829b-6f26b8717ebc,a109394f-8232-4cfb-a47e-35a2d26ea230,CERT-2569-75187,2026-07-23 09:16:38.107244+00
6fe70c9e-4497-435f-beef-de45b9e58296,cf5375f6-b433-441b-a6e6-4c7ae442c0c3,a109394f-8232-4cfb-a47e-35a2d26ea230,CERT-2569-94450,2026-07-29 07:04:19.772359+00
701b5273-d0b9-4cf3-b369-f489b7b38434,c5807951-ce3c-4e04-99d0-d607927c098a,6007726b-5758-498b-9fc1-a4678e61d9e6,CERT-2569-63339,2026-08-03 04:14:49.363229+00
704e693d-92a2-4a3b-8f59-765d44202eb3,a1c4bac3-05b8-443e-b561-aefd2aa2226d,6007726b-5758-498b-9fc1-a4678e61d9e6,CERT-2569-03390,2026-07-23 04:17:30.65815+00
70d95427-ad71-4cef-8e68-358567f7c995,f8bbe641-6e22-41e9-975e-381351f3ba6d,6007726b-5758-498b-9fc1-a4678e61d9e6,CERT-2569-29482,2026-07-23 05:56:16.191655+00
71039b32-85d1-4859-90a7-67a8a85c1d0c,32f93a8d-f462-42c5-877f-a27c3a265d74,e34c0a3a-3e74-4a18-86c9-0e8dd42a6dff,CERT-2569-53970,2026-07-23 07:08:20.11806+00
71380ef7-958d-47ab-86db-ac9bcd464e9c,258e0db0-b275-4c26-b77a-6cf2936d9ada,a109394f-8232-4cfb-a47e-35a2d26ea230,CERT-2569-94644,2026-07-23 05:44:53.060897+00
719810d5-1bbd-46a6-8f2c-a8b21dce8c99,6a90523c-991e-46cc-beaf-125441a3eaa5,a109394f-8232-4cfb-a47e-35a2d26ea230,CERT-2569-81327,2026-07-31 01:12:27.627559+00
71a86f2d-9716-441d-8096-c06200b7c944,2be8124a-0220-47a1-bb8b-4327aac6f4bf,a109394f-8232-4cfb-a47e-35a2d26ea230,CERT-2569-03745,2026-07-23 06:09:55.038226+00
71f1b242-9aa1-427b-8775-01e9c09fc9f5,25aa8475-f821-4749-9ce0-0c805b7b7c00,a109394f-8232-4cfb-a47e-35a2d26ea230,CERT-2569-41281,2026-08-04 02:44:13.090893+00
72347853-a6dd-4e15-bd56-df4d6bf98088,f2977cb1-881a-44e3-95b1-bcd365e47a05,6007726b-5758-498b-9fc1-a4678e61d9e6,CERT-2569-04922,2026-07-23 06:04:30.718179+00
72350fd8-27b0-4f84-8cfb-821fe1600e83,70134989-e67b-4070-be91-976f4cf76960,6007726b-5758-498b-9fc1-a4678e61d9e6,CERT-2569-08983,2026-07-23 08:18:51.047823+00
72773a17-bd1e-41e1-bec7-a08afbdc1538,3af442b1-bb5e-4656-b7d9-b53298edf74a,a109394f-8232-4cfb-a47e-35a2d26ea230,CERT-2569-28552,2026-08-07 03:39:32.060505+00
7279f6a4-6a41-4f53-9825-1e4d6e2dda66,58a9228d-67c5-4ab3-8d22-8f798dd56195,6007726b-5758-498b-9fc1-a4678e61d9e6,CERT-2569-16746,2026-07-23 06:55:20.075479+00
72dfb900-dadf-40de-bf03-505c6f89e370,16ed6e84-e390-4731-904a-9d23d4d1e818,e34c0a3a-3e74-4a18-86c9-0e8dd42a6dff,CERT-2569-60593,2026-07-23 04:24:16.882221+00
7308dcc4-29c8-4230-8765-124036aa42a6,25aa8475-f821-4749-9ce0-0c805b7b7c00,e34c0a3a-3e74-4a18-86c9-0e8dd42a6dff,CERT-2569-21662,2026-08-04 02:37:11.965348+00
731f0a10-8588-4d8e-a147-946c8982c305,6bcfc9ce-8e2c-4dde-973d-b49f4425440f,6007726b-5758-498b-9fc1-a4678e61d9e6,CERT-2569-84774,2026-07-31 02:08:40.046373+00
7326dea5-06b0-4649-a622-1f404a367c58,8aa1f854-9d04-4a44-a132-932f7065f529,6007726b-5758-498b-9fc1-a4678e61d9e6,CERT-2569-37338,2026-07-26 04:23:27.325192+00
7361c19c-981c-4ef2-a35f-cd0340de1d03,69797a9d-f012-4898-b314-d7d268ce7b83,e34c0a3a-3e74-4a18-86c9-0e8dd42a6dff,CERT-2569-11998,2026-07-25 02:28:09.030573+00
736f8018-bfc2-4424-8bf9-4dbe2092bca1,f73dde9f-dc2c-432b-a13b-dd5d0c7ff948,e34c0a3a-3e74-4a18-86c9-0e8dd42a6dff,CERT-2569-01533,2026-07-24 09:24:56.183068+00
73fba424-49e7-49d7-95e7-0e15bf2562cb,3416244d-c29b-48b2-829b-6f26b8717ebc,6007726b-5758-498b-9fc1-a4678e61d9e6,CERT-2569-35997,2026-07-23 08:49:08.898559+00
74cfd1e8-a16b-4c05-91bb-306d3c2d5b67,7cb7619f-5ff4-4cab-aa58-c0621ac0f4f0,a109394f-8232-4cfb-a47e-35a2d26ea230,CERT-2569-80594,2026-07-23 07:00:25.701236+00
75183aa5-cd10-49d3-ae89-56d84d694a10,d2e30207-2f63-44c4-9866-1ddfd6eb4b2e,e34c0a3a-3e74-4a18-86c9-0e8dd42a6dff,CERT-2569-16641,2026-07-29 16:28:17.583511+00
757ba5e6-c34f-4a81-98e5-43c1b88a0706,1d758a6f-4ef5-4da0-91f5-108c1388ce47,6007726b-5758-498b-9fc1-a4678e61d9e6,CERT-2569-16661,2026-08-04 04:51:17.896921+00
7588f09f-23cd-4655-b20e-8625903633f9,f22caec9-abf8-40e2-8c20-323a88f25592,6007726b-5758-498b-9fc1-a4678e61d9e6,CERT-2569-27802,2026-07-24 09:58:41.751499+00
759937d6-6d7d-43b8-aff9-11bc592f1d1f,0da85836-9332-48a0-92f5-38d436242e5c,a109394f-8232-4cfb-a47e-35a2d26ea230,CERT-2569-02995,2026-08-06 07:42:30.123214+00
759c2c81-e4f3-452d-8db5-eea5e67f953a,126ea45c-6a63-448a-bb8f-504f92c7a1a6,a109394f-8232-4cfb-a47e-35a2d26ea230,CERT-2569-34063,2026-07-23 07:39:57.33054+00
75ac5276-e8bb-4450-bfa4-9da28b4805bd,85cbab1b-aee8-4ec9-9dd5-505925736f10,6007726b-5758-498b-9fc1-a4678e61d9e6,CERT-2569-53749,2026-07-31 03:51:19.334606+00
75b69fed-cfa2-4387-9fe7-d82c95d6bac8,8d73f114-aa99-4809-be74-b4ceef47c891,e34c0a3a-3e74-4a18-86c9-0e8dd42a6dff,CERT-2569-52926,2026-07-25 03:04:04.064214+00
75bc68b8-ca60-4aa5-ac2c-f3008fc60bd9,f2977cb1-881a-44e3-95b1-bcd365e47a05,a109394f-8232-4cfb-a47e-35a2d26ea230,CERT-2569-81787,2026-07-23 06:20:47.157695+00
75f6f8ca-e94f-46b1-a43f-df968ee9811e,42bd96cf-b731-44d3-910e-2f070e4ebdc2,e34c0a3a-3e74-4a18-86c9-0e8dd42a6dff,CERT-2569-25708,2026-07-28 04:11:31.706653+00
75f8e107-bcb1-4d35-a4b4-1a6aefb5cb92,59eb0f28-aa16-4445-b262-d55e25fb8767,e34c0a3a-3e74-4a18-86c9-0e8dd42a6dff,CERT-2569-42099,2026-07-24 07:59:57.398373+00
7657dd04-1acc-4824-82f5-7ceb10c20ce5,2a226d81-fb0d-4ad0-9438-831942e3f24b,e34c0a3a-3e74-4a18-86c9-0e8dd42a6dff,CERT-2569-44859,2026-07-23 06:34:41.334877+00
765e278b-a91f-4e68-8040-81df96a39465,82b56f1b-7193-4b64-ab46-c5f84efa55b7,a109394f-8232-4cfb-a47e-35a2d26ea230,CERT-2569-74534,2026-07-23 08:55:46.21035+00
767744da-e046-4959-a178-ee1581aac6ae,b15ecc9c-06f1-46f3-877a-560e98daa6c3,e34c0a3a-3e74-4a18-86c9-0e8dd42a6dff,CERT-2569-05101,2026-08-03 04:02:21.300926+00
77179fc2-861d-4861-acd6-b0ffdf4a8983,6951008d-dd2f-453f-ab1c-6db291cd70c2,6007726b-5758-498b-9fc1-a4678e61d9e6,CERT-2569-43748,2026-07-24 13:32:42.284759+00
77ed3aa7-53d5-4dec-a9e6-23f7554e8cc1,7cb7619f-5ff4-4cab-aa58-c0621ac0f4f0,e34c0a3a-3e74-4a18-86c9-0e8dd42a6dff,CERT-2569-28995,2026-07-23 06:02:37.90321+00
77f69c0a-80e0-43b2-8de8-fe8de50b2351,d47563c1-2aca-4f90-b777-2d2a9a9855c7,a109394f-8232-4cfb-a47e-35a2d26ea230,CERT-2569-20567,2026-07-23 09:16:26.384311+00
7817c1f6-4a6e-4e36-9251-3a4ba7ea1837,0f538acc-6a00-4772-be98-dd493d81a492,e34c0a3a-3e74-4a18-86c9-0e8dd42a6dff,CERT-2569-54944,2026-07-27 12:26:56.567989+00
7865982d-5fdd-4a8f-8c04-88c99583ccc8,87b0d555-47e4-4903-a5ea-e340b18b1cb7,e34c0a3a-3e74-4a18-86c9-0e8dd42a6dff,CERT-2569-93731,2026-07-25 13:19:20.327624+00
786aba97-c183-4b33-bb7a-6123a16f3bc1,383689d6-524f-4330-a2c2-d3d87104d5fa,a109394f-8232-4cfb-a47e-35a2d26ea230,CERT-2569-90108,2026-07-23 07:22:45.866844+00
7889d540-b933-4630-ac41-496dedbecc09,fdb51546-74f9-44a9-b7a7-5b3ad944939b,a109394f-8232-4cfb-a47e-35a2d26ea230,CERT-2569-37677,2026-07-28 07:17:11.736706+00
793e496b-acb6-4e0f-a4ef-54e9f23baee9,54a73f50-fe5d-4cbf-80b2-65d185a1c99d,6007726b-5758-498b-9fc1-a4678e61d9e6,CERT-2569-91787,2026-07-23 05:57:21.225061+00
794de854-30b0-4ce8-a4e9-789384ea117b,c05890c7-c524-4c93-92c6-af131704ebdf,a109394f-8232-4cfb-a47e-35a2d26ea230,CERT-2569-86608,2026-08-04 02:28:03.183695+00
79823a91-d3b0-463b-bd9b-7fc552d06ac1,61c0a283-e394-417c-9ff3-3692ed3319c9,6007726b-5758-498b-9fc1-a4678e61d9e6,CERT-2569-08490,2026-07-23 04:31:41.862283+00
79b84e13-f50d-41de-b86f-4810039e6091,ee43bed2-c9dd-4cbe-9e3e-bb11c4133fb6,e34c0a3a-3e74-4a18-86c9-0e8dd42a6dff,CERT-2569-03205,2026-07-23 14:52:22.905115+00
79d0e34a-4f4c-481a-92a7-bc8eeca14d9c,f9a6ab35-e0bb-4174-ba42-54b9a5550ddf,6007726b-5758-498b-9fc1-a4678e61d9e6,CERT-2569-89246,2026-08-04 03:37:17.42035+00
79e5d6f5-b0c4-4ec6-b251-f2770f994fd6,29d3adb3-b423-4c36-9ca1-a1310b7f50f1,a109394f-8232-4cfb-a47e-35a2d26ea230,CERT-2569-35879,2026-08-02 10:33:18.680301+00
7a210c47-b945-49cd-bcf4-c653586bc76b,79e3f12f-bb06-4dea-838f-7ab0092a9f08,e34c0a3a-3e74-4a18-86c9-0e8dd42a6dff,CERT-2569-97437,2026-08-03 07:08:41.433413+00
7a4b7272-0299-4c33-805e-19c5bc375b98,72f1c018-326c-49d5-bbf8-2d1e05ae5732,6007726b-5758-498b-9fc1-a4678e61d9e6,CERT-2569-95442,2026-07-31 04:13:36.500069+00
7a73a39d-4892-4ff1-be4a-970df0d632da,871841b5-8995-469a-8efe-3cad88793f85,6007726b-5758-498b-9fc1-a4678e61d9e6,CERT-2569-94456,2026-07-23 06:03:42.905995+00
7b6228e6-61b3-4819-8384-4eddad2e14d8,228b2329-8171-41c2-bbe3-b7398c96001c,a109394f-8232-4cfb-a47e-35a2d26ea230,CERT-2569-98363,2026-07-24 12:49:34.249605+00
7b8e43c1-7cab-4c4b-b3f3-ca64ed45c537,b8b18fdd-e05e-4a33-960a-96f412005d60,e34c0a3a-3e74-4a18-86c9-0e8dd42a6dff,CERT-2569-55989,2026-07-26 10:21:31.564169+00
7bf44751-8a00-4185-a434-3a238de235c0,8d484a47-0bb1-4e16-a0de-21d3107e4313,e34c0a3a-3e74-4a18-86c9-0e8dd42a6dff,CERT-2569-36990,2026-07-24 09:35:55.641873+00
7bff4144-d09e-4a5d-addf-0e85b0c1d7ff,841a5e1a-6f1b-4f63-9995-2aab86e72710,6007726b-5758-498b-9fc1-a4678e61d9e6,CERT-2569-11880,2026-07-23 08:00:14.633452+00
7c0c8efd-27cd-41ac-bcef-dd47fbba01f7,34fda2a9-bc96-482b-ad1d-8045760e34b6,e34c0a3a-3e74-4a18-86c9-0e8dd42a6dff,CERT-2569-22199,2026-07-23 10:28:48.188282+00
7c1cb4b0-da10-4373-ab80-ba5b76ba0d01,56b3e5b4-1713-4908-aa11-21fee8268096,e34c0a3a-3e74-4a18-86c9-0e8dd42a6dff,CERT-2569-29618,2026-07-23 04:22:31.578064+00
7c403e55-1c6a-408b-84a1-bb5f7d9153d1,7394f74e-013b-4276-8616-4fe9293f88c2,6007726b-5758-498b-9fc1-a4678e61d9e6,CERT-2569-19388,2026-07-25 09:42:49.537146+00
7c4110d9-841e-46c1-81ec-24fc0437fc3d,6248ff91-c8d2-429a-93ae-f6e142e13657,a109394f-8232-4cfb-a47e-35a2d26ea230,CERT-2569-57334,2026-07-23 07:35:38.441256+00
7c5decfd-af0d-4e20-bade-7df4e2dc794f,88718af4-e14b-4699-82eb-eabc80faefa9,6007726b-5758-498b-9fc1-a4678e61d9e6,CERT-2569-79545,2026-07-23 08:53:50.717607+00
7c84bbaa-79cb-4d00-89a8-bdf9d58ad271,258e0db0-b275-4c26-b77a-6cf2936d9ada,e34c0a3a-3e74-4a18-86c9-0e8dd42a6dff,CERT-2569-37355,2026-07-23 05:52:54.997754+00
7c87066d-c293-4549-a05d-fe2d219db393,8a2c77e8-3be7-409c-959a-4b299715efe4,a109394f-8232-4cfb-a47e-35a2d26ea230,CERT-2569-63891,2026-08-02 14:14:03.572269+00
7cc625d9-123b-4cd2-9929-2336830b1c17,8dda9a02-192c-4e0c-bcf9-ae3b19098d0d,a109394f-8232-4cfb-a47e-35a2d26ea230,CERT-2569-50791,2026-08-06 01:27:23.498038+00
7d220281-24af-4265-8a4c-be3b530b5393,719cd16f-a5c9-4e96-b08d-82dbea05c671,6007726b-5758-498b-9fc1-a4678e61d9e6,CERT-2569-82766,2026-08-07 03:10:21.160498+00
7d22edf3-6aac-4944-8ada-3a472baabaec,82b56f1b-7193-4b64-ab46-c5f84efa55b7,e34c0a3a-3e74-4a18-86c9-0e8dd42a6dff,CERT-2569-47175,2026-07-23 09:13:05.375681+00
7d3b2dde-627f-475d-b661-78300ac5b094,a07d610a-7235-4171-aae8-243b13cc7588,e34c0a3a-3e74-4a18-86c9-0e8dd42a6dff,CERT-2569-37226,2026-08-04 03:14:18.534468+00
7d6b66c1-b324-4a4d-9d32-255c2b3d22cb,7be09e64-91e6-4ba7-9827-7d4af6d235f8,6007726b-5758-498b-9fc1-a4678e61d9e6,CERT-2569-40132,2026-08-04 14:16:44.779513+00
7d8504e2-cbbc-4571-9d2b-b385b60420d4,f2977cb1-881a-44e3-95b1-bcd365e47a05,e34c0a3a-3e74-4a18-86c9-0e8dd42a6dff,CERT-2569-95990,2026-07-23 06:13:20.31677+00
7d8e333e-a5ee-4df8-a82d-f44c044e983c,e0669abd-d142-478d-b35f-a25f270f5f6e,a109394f-8232-4cfb-a47e-35a2d26ea230,CERT-2569-02904,2026-07-25 07:13:51.349809+00
7db833e2-a174-4fd3-80ab-ef413bc6e499,5cd556e1-3148-43e6-beb4-e85211ea1b83,6007726b-5758-498b-9fc1-a4678e61d9e6,CERT-2569-68906,2026-07-23 10:35:41.270303+00
7dbce209-d793-4369-bed1-4f8b0f95677c,4d4bab73-732e-4a22-966f-753602395bc6,e34c0a3a-3e74-4a18-86c9-0e8dd42a6dff,CERT-2569-13260,2026-07-23 04:48:05.643374+00
7e56e2f0-6398-4c8f-8bb7-277ac738a5d3,151b1a29-7ec0-4081-b26b-9f1f4100f9fe,a109394f-8232-4cfb-a47e-35a2d26ea230,CERT-2569-57591,2026-08-06 08:01:23.884468+00
7e62bd18-af02-4bfc-b2fd-68b92dff7f44,18f193cd-ae93-42f7-8e83-8171aaf6bd02,e34c0a3a-3e74-4a18-86c9-0e8dd42a6dff,CERT-2569-23773,2026-08-01 01:43:04.895383+00
7eb9d674-59e4-4abb-b8a9-0636431f9975,8dda9a02-192c-4e0c-bcf9-ae3b19098d0d,e34c0a3a-3e74-4a18-86c9-0e8dd42a6dff,CERT-2569-74157,2026-07-23 05:13:40.592787+00
7ec0ae39-6fe2-40a8-8326-d2477f3ef2eb,e4defeaa-f2c7-4164-ab5c-477686b58a4d,6007726b-5758-498b-9fc1-a4678e61d9e6,CERT-2569-06642,2026-07-23 08:27:32.972134+00
7eea38a7-2bb2-48cb-bf91-a29f494e644f,108651c2-467e-4233-990c-f37112380a84,6007726b-5758-498b-9fc1-a4678e61d9e6,CERT-2569-26429,2026-07-23 12:01:20.178065+00
7ef917ad-25d2-40b3-9139-3c1b241a9a13,fe4a8570-b347-4175-9503-bb6dde8b04e8,6007726b-5758-498b-9fc1-a4678e61d9e6,CERT-2569-22434,2026-08-05 11:09:45.65166+00
7f33ee4e-6d46-4a96-be58-3b31dad0851d,50c7afef-7f77-4716-b7ec-83d1d72c42a1,e34c0a3a-3e74-4a18-86c9-0e8dd42a6dff,CERT-2569-73468,2026-07-28 06:46:27.807698+00
7f3415f9-ce48-48c2-a572-8d001f25cbd4,e9ca3771-96f8-4d29-9b0a-4ea63dca815c,a109394f-8232-4cfb-a47e-35a2d26ea230,CERT-2569-97222,2026-07-23 06:51:40.838295+00
7fd4b8f3-5059-454a-bc09-c38e5ec76703,98be6aa1-2d21-4e5f-82fb-c51a69c1ec4f,e34c0a3a-3e74-4a18-86c9-0e8dd42a6dff,CERT-2569-29296,2026-07-23 08:19:30.196419+00
80153cae-194f-453b-92c3-f3069fc5775b,2be8124a-0220-47a1-bb8b-4327aac6f4bf,e34c0a3a-3e74-4a18-86c9-0e8dd42a6dff,CERT-2569-60879,2026-07-23 05:57:24.373531+00
80157a3a-1179-429a-9a87-22a21107f0d8,208cfbac-69dd-4883-a784-63fa8564d752,e34c0a3a-3e74-4a18-86c9-0e8dd42a6dff,CERT-2569-36945,2026-08-05 11:18:23.455627+00
806249f2-b707-4a1d-9621-30b8465b75fd,72102daf-00aa-439b-ba4a-d82ac5fdd031,a109394f-8232-4cfb-a47e-35a2d26ea230,CERT-2569-97097,2026-08-04 05:00:05.338488+00
8068938e-6ae3-4913-aa56-2b4cf3e334a6,5c968457-6f76-4323-9ac4-1f33c0d7a6ef,6007726b-5758-498b-9fc1-a4678e61d9e6,CERT-2569-47957,2026-07-24 13:22:27.358002+00
80eea29b-9ba6-4af5-8c8b-b50d542aa887,ebd53a33-c290-4e4f-961d-c4592295925f,6007726b-5758-498b-9fc1-a4678e61d9e6,CERT-2569-86728,2026-07-24 17:04:47.609515+00
8109ba40-90f3-4504-a796-0255f3112135,edd025aa-9957-42a6-9659-0814b2fc4e68,6007726b-5758-498b-9fc1-a4678e61d9e6,CERT-2569-26310,2026-07-24 07:49:41.446627+00
8177cc55-a4be-492b-b45b-a050663c6a07,05362258-ea2a-4f34-a7ab-85d3ccb343f0,6007726b-5758-498b-9fc1-a4678e61d9e6,CERT-2569-37322,2026-08-04 08:11:29.080977+00
81f857a4-0fb4-4cd7-81f4-7980ee0335b4,39838bcc-dd54-460d-bfb2-b470505367d1,6007726b-5758-498b-9fc1-a4678e61d9e6,CERT-2569-90191,2026-07-23 13:03:53.790828+00
821021f7-6f7f-42b6-9366-ac0c67c255eb,3a40101e-236d-4de8-8f7e-f1c7bd8cf6af,6007726b-5758-498b-9fc1-a4678e61d9e6,CERT-2569-81060,2026-07-23 06:54:24.703083+00
82add5ff-2161-4309-b2d8-c0f97bd04028,362e4dd4-061e-4948-83ba-5a8126ebcade,e34c0a3a-3e74-4a18-86c9-0e8dd42a6dff,CERT-2569-94040,2026-07-28 00:42:49.096076+00
83342eea-9cb5-47cf-ac3e-0e0cc097e03d,2a2f3b01-790c-4d28-8f7e-0b270a2497ca,e34c0a3a-3e74-4a18-86c9-0e8dd42a6dff,CERT-2569-51970,2026-08-04 15:06:14.753953+00
836648d2-2b1a-4007-bea4-82bc1e860980,108651c2-467e-4233-990c-f37112380a84,a109394f-8232-4cfb-a47e-35a2d26ea230,CERT-2569-23129,2026-07-23 12:32:01.265101+00
838702e0-252b-425a-a5c6-9d35a30fa46a,18e40cbf-7dcb-4762-9246-18e18b030b40,6007726b-5758-498b-9fc1-a4678e61d9e6,CERT-2569-72261,2026-07-26 01:42:49.999214+00
8398d3c6-6261-4181-854d-b729e3e22c74,6c571ce0-5297-4d71-abd5-333eba5ff8c3,6007726b-5758-498b-9fc1-a4678e61d9e6,CERT-2569-18012,2026-07-28 03:38:26.184153+00
83a5b660-6445-4c65-95d7-fe00b89c9af0,7b75c16f-ff36-4d1c-9557-f7645a32feb3,6007726b-5758-498b-9fc1-a4678e61d9e6,CERT-2569-91776,2026-07-25 03:03:29.159774+00
83c97521-5059-42ce-9efa-bbb5e7d37423,d47563c1-2aca-4f90-b777-2d2a9a9855c7,6007726b-5758-498b-9fc1-a4678e61d9e6,CERT-2569-21745,2026-07-23 06:01:44.809319+00
84183c06-f345-4b7b-834f-66f7cbf46c42,004d674b-d665-43a2-a961-abf7969586fe,6007726b-5758-498b-9fc1-a4678e61d9e6,CERT-2569-45437,2026-08-05 02:55:49.814592+00
84a001aa-a3d2-4785-aafe-93f13d6aa7f1,b5e87bea-ffe6-460c-bc8b-15816cc861c6,e34c0a3a-3e74-4a18-86c9-0e8dd42a6dff,CERT-2569-67431,2026-08-01 15:30:32.944541+00
84a85781-9349-4e5a-9e5d-500aea602010,f99bb567-0f9b-4800-a1ff-5f865daaf9ba,6007726b-5758-498b-9fc1-a4678e61d9e6,CERT-2569-83138,2026-07-25 23:15:16.005355+00
84a93fb5-6fa2-40b4-a9f6-de4100cabbde,6ae07ccd-20f6-4eea-9096-40e8053007b7,a109394f-8232-4cfb-a47e-35a2d26ea230,CERT-2569-31604,2026-07-23 04:06:32.539792+00
84be6631-836e-41ca-ae29-1fea4466f13a,03736bfb-6e5c-419d-be07-464baa693a8c,a109394f-8232-4cfb-a47e-35a2d26ea230,CERT-2569-30402,2026-07-23 12:59:00.084595+00
851fb348-377a-4141-ab92-629e224c4264,222d7fc1-0fcd-4b1c-bcbe-4ef050794500,6007726b-5758-498b-9fc1-a4678e61d9e6,CERT-2569-65515,2026-07-30 09:32:13.300657+00
8560943f-b824-4468-91cf-6b882845f48e,58d681fa-3285-4e3d-a0e7-14d8ab09474c,6007726b-5758-498b-9fc1-a4678e61d9e6,CERT-2569-19291,2026-07-23 06:31:20.503173+00
85644dca-abc5-491f-8a1b-f019c8fb5012,fc4c1876-0aca-4099-88cf-6ebacb4935c3,a109394f-8232-4cfb-a47e-35a2d26ea230,CERT-2569-87395,2026-07-27 08:05:14.068345+00
8567e5af-2535-4127-afc0-8c902f58f4d4,4f6b5e31-8906-4e0a-bb32-7b80a4921e2e,a109394f-8232-4cfb-a47e-35a2d26ea230,CERT-2569-64487,2026-07-30 06:47:02.697829+00
866b979a-f65d-4e98-9f69-c7fd2e3c2929,eec3eb7d-4f67-4b65-8c42-1b1dfa331530,a109394f-8232-4cfb-a47e-35a2d26ea230,CERT-2569-95603,2026-07-24 02:27:17.844525+00
8677f7fc-6287-40b0-9ed9-e814c8d63513,f7e74b65-0295-403d-8c02-0e24b9a8520a,a109394f-8232-4cfb-a47e-35a2d26ea230,CERT-2569-16076,2026-08-05 01:50:48.375955+00
86ad5ae9-267d-423e-b76b-e075d1e2fb68,50891122-e02b-4c23-b492-74699d1c4b1e,e34c0a3a-3e74-4a18-86c9-0e8dd42a6dff,CERT-2569-14478,2026-07-29 07:27:31.420906+00
86b90745-a228-4bf5-bdac-ab292736f6f2,f86362e0-1e43-4b96-9d73-4664d648735a,a109394f-8232-4cfb-a47e-35a2d26ea230,CERT-2569-87149,2026-07-24 07:12:25.305645+00
86f0c7e8-192a-4743-9175-8c4030f13d7a,edd025aa-9957-42a6-9659-0814b2fc4e68,e34c0a3a-3e74-4a18-86c9-0e8dd42a6dff,CERT-2569-19285,2026-07-24 07:57:59.410127+00
87378ae5-cc72-4a20-a370-6dcbab896160,be2dd850-f107-41c3-8fff-399d2089b249,6007726b-5758-498b-9fc1-a4678e61d9e6,CERT-2569-54424,2026-07-24 11:24:43.912919+00
875e74ec-0d5e-4e64-9f9b-1b76ffd470e1,2a07b07a-608d-4a96-b732-6ebfb6a8b9fa,6007726b-5758-498b-9fc1-a4678e61d9e6,CERT-2569-61513,2026-08-05 07:34:58.913572+00
87934ad0-68aa-41ad-a3ad-7de8ad193129,28cb2c26-ac3d-4c91-af1f-ad2f9e9e07dd,e34c0a3a-3e74-4a18-86c9-0e8dd42a6dff,CERT-2569-75045,2026-07-17 02:13:19.50552+00
8799c0b0-7317-45c2-8411-87c364f4f9d0,c5807951-ce3c-4e04-99d0-d607927c098a,a109394f-8232-4cfb-a47e-35a2d26ea230,CERT-2569-70511,2026-08-03 04:01:22.751031+00
87fa758d-1ddf-4d78-8981-fe1d37c481c9,3f21ad02-d43f-4aa0-9d8f-ef468368000b,a109394f-8232-4cfb-a47e-35a2d26ea230,CERT-2569-12848,2026-07-27 09:15:31.175596+00
880202eb-939f-4a6f-9534-e5e8c2f0b46b,9876dd3e-e901-4a76-8c1c-2115c2a2c073,e34c0a3a-3e74-4a18-86c9-0e8dd42a6dff,CERT-2569-78337,2026-07-28 13:39:43.778797+00
883ca5c2-ca06-4e83-8696-805fb080006d,dd8bd224-219a-48b8-a4d7-233fd08654ae,e34c0a3a-3e74-4a18-86c9-0e8dd42a6dff,CERT-2569-40189,2026-08-04 03:08:04.976052+00
8865bf97-2928-48e1-9356-9b1d2ab3c81a,d98db064-d4fc-4d0d-91e7-86450aa4c93d,a109394f-8232-4cfb-a47e-35a2d26ea230,CERT-2569-57665,2026-07-24 01:10:55.497295+00
88cfd492-b6b7-47f8-a3c0-c22f5954e94a,d4193dcc-f7ac-4b13-a713-1ab0fa829f4c,e34c0a3a-3e74-4a18-86c9-0e8dd42a6dff,CERT-2569-15686,2026-08-05 13:25:39.947976+00
88d6ddb8-093d-42ff-9d94-d2b7922a6ff3,e0669abd-d142-478d-b35f-a25f270f5f6e,6007726b-5758-498b-9fc1-a4678e61d9e6,CERT-2569-05702,2026-07-25 06:32:01.196359+00
88ee9308-90f2-4e8e-ab6e-048c62281f6f,ea03bd6a-5a57-43ea-9c1e-0bec5a837b32,6007726b-5758-498b-9fc1-a4678e61d9e6,CERT-2569-76101,2026-08-03 14:48:13.762584+00
8934df7d-10f9-4353-8780-c36169d1a8a2,d98db064-d4fc-4d0d-91e7-86450aa4c93d,6007726b-5758-498b-9fc1-a4678e61d9e6,CERT-2569-20358,2026-07-24 00:52:07.587863+00
8989c786-80fd-4881-91c6-eee3b9eb8670,9876dd3e-e901-4a76-8c1c-2115c2a2c073,a109394f-8232-4cfb-a47e-35a2d26ea230,CERT-2569-11800,2026-07-28 13:32:41.03432+00
8989ebf0-790d-4805-a7cb-41feed7ac422,f99bb567-0f9b-4800-a1ff-5f865daaf9ba,e34c0a3a-3e74-4a18-86c9-0e8dd42a6dff,CERT-2569-43258,2026-07-25 23:27:01.240709+00
898b5d93-e249-486e-b9b0-b53a3fecc1b8,f7e74b65-0295-403d-8c02-0e24b9a8520a,e34c0a3a-3e74-4a18-86c9-0e8dd42a6dff,CERT-2569-67198,2026-08-05 01:48:07.957825+00
8a5c034d-aa1c-44aa-86cf-398d846e9dbd,28f6c8cf-df1e-43da-8fc1-cf9028a8a70f,e34c0a3a-3e74-4a18-86c9-0e8dd42a6dff,CERT-2569-54829,2026-08-04 15:54:26.109738+00
8acdc3ec-c380-4620-a8c4-38a44fe34ed1,39838bcc-dd54-460d-bfb2-b470505367d1,e34c0a3a-3e74-4a18-86c9-0e8dd42a6dff,CERT-2569-51439,2026-07-23 12:55:40.721695+00
8afa2601-0336-4021-971e-2b18e94c057b,6b01e8f4-3032-4aa3-8793-75aad8969bc4,a109394f-8232-4cfb-a47e-35a2d26ea230,CERT-2569-91681,2026-07-23 05:49:54.70701+00
8b9fc748-d36d-4f17-94de-7cb8914e1819,ef6a0f3a-41b5-4f06-985b-5b1d46ba71d4,e34c0a3a-3e74-4a18-86c9-0e8dd42a6dff,CERT-2569-71127,2026-08-06 03:36:20.80478+00
8ba730bd-d66c-4db0-a187-2065115dcb7c,80ca4e31-dfa9-456d-864a-e10755826372,a109394f-8232-4cfb-a47e-35a2d26ea230,CERT-2569-24698,2026-08-04 09:45:38.283176+00
8bb97a62-f7f8-490b-9f92-cf1899cd8719,cf5375f6-b433-441b-a6e6-4c7ae442c0c3,6007726b-5758-498b-9fc1-a4678e61d9e6,CERT-2569-49805,2026-07-29 07:01:08.134404+00
8c63c111-a03d-4dd6-8e1e-1bdf61565220,d13beb6e-9977-43b7-b74b-02bd1aaa8c56,6007726b-5758-498b-9fc1-a4678e61d9e6,CERT-2569-07030,2026-07-27 13:14:58.137021+00
8ce17ccb-1bc1-453d-b855-187ef76dac49,777707f9-3dd8-4333-a9bc-4bfad46bca8f,6007726b-5758-498b-9fc1-a4678e61d9e6,CERT-2569-74409,2026-07-23 05:55:12.207812+00
8ce62b0e-2d7f-40f2-9a8e-736eb91d9e8a,e7746268-3c28-4fa3-9637-6bb32c301122,a109394f-8232-4cfb-a47e-35a2d26ea230,CERT-2569-89228,2026-08-03 06:26:31.678381+00
8d0dd9c1-747f-4392-9b44-2227e7c72903,c273a709-6483-4acf-8172-56e8682b2b5d,6007726b-5758-498b-9fc1-a4678e61d9e6,CERT-2569-58133,2026-07-25 09:11:45.045911+00
8d5f258f-17a0-4643-829e-1d6ac903ab5a,fd01efbe-88db-4e3f-b318-5e0317173491,a109394f-8232-4cfb-a47e-35a2d26ea230,CERT-2569-91676,2026-07-23 06:07:33.082583+00
8d7d2d15-7893-4db6-8a35-a54419401f62,ef34ae1c-b12f-42c4-8375-05e76ba65c92,6007726b-5758-498b-9fc1-a4678e61d9e6,CERT-2569-02585,2026-07-23 05:21:00.855689+00
8de777bc-83c4-46f7-b366-40849e20b7f5,72102daf-00aa-439b-ba4a-d82ac5fdd031,6007726b-5758-498b-9fc1-a4678e61d9e6,CERT-2569-45944,2026-08-04 04:31:53.555292+00
8e2ece51-fc61-4040-9d05-dd1eafe7a077,3e8d1500-9ac3-46c3-84ad-2dc7dcdc7d19,e34c0a3a-3e74-4a18-86c9-0e8dd42a6dff,CERT-2569-68659,2026-07-23 13:27:42.786309+00
8e7b4ab2-dd34-4f69-80cc-c893051875ab,5bee6c45-2570-45f3-a315-203c36ade521,6007726b-5758-498b-9fc1-a4678e61d9e6,CERT-2569-39904,2026-07-24 04:23:22.47977+00
8eaad3de-7c2b-4913-9e6e-b6fe089f4eb6,de2e86b1-fd01-4fe7-a4be-cec6fcdf5a3b,a109394f-8232-4cfb-a47e-35a2d26ea230,CERT-2569-20763,2026-08-07 07:31:45.077398+00
8ecb8415-6f52-4452-b773-0a57aeac4db3,a360ff02-fb19-4145-993d-3246a03db1d9,a109394f-8232-4cfb-a47e-35a2d26ea230,CERT-2569-17122,2026-07-26 04:09:08.027245+00
8f648fa9-125d-4b2f-ad0b-35e2d771e516,b8b18fdd-e05e-4a33-960a-96f412005d60,6007726b-5758-498b-9fc1-a4678e61d9e6,CERT-2569-26404,2026-07-24 11:30:01.834603+00
8ffa547c-c9c2-4cf1-b3c9-46cccbe65a6d,6a90523c-991e-46cc-beaf-125441a3eaa5,6007726b-5758-498b-9fc1-a4678e61d9e6,CERT-2569-87961,2026-07-27 01:14:38.910481+00
9012251c-a9e2-4f21-b035-0b1790068754,b7847392-7198-43f7-84de-fc024d1c9fc0,a109394f-8232-4cfb-a47e-35a2d26ea230,CERT-2569-33147,2026-07-23 16:03:13.6866+00
90489c90-7759-41d5-9291-91d391ce6e64,72f1c018-326c-49d5-bbf8-2d1e05ae5732,a109394f-8232-4cfb-a47e-35a2d26ea230,CERT-2569-60089,2026-07-31 06:01:22.05181+00
9052cf22-4f57-4b6e-9c2e-d9b3a6f4df14,8dd1b882-b004-4d61-a640-03682c39dd8a,6007726b-5758-498b-9fc1-a4678e61d9e6,CERT-2569-37503,2026-07-23 05:38:11.044407+00
9064c66f-ad36-4b48-8d69-65f80b5bf0e9,dd3cabc6-c7f3-4063-9c03-fe2727a2dab4,a109394f-8232-4cfb-a47e-35a2d26ea230,CERT-2569-16521,2026-07-23 08:28:08.174906+00
906ac6e8-b28e-4d09-b5b3-6475534a3df2,7b72e9eb-da61-4ab8-ad9e-3f8d3cc25637,a109394f-8232-4cfb-a47e-35a2d26ea230,CERT-2569-91382,2026-07-23 05:41:28.367226+00
90d1a661-e063-469c-948f-fa65c58ad8f3,d6864e90-e1f2-4a1e-8b6f-768e69ccd848,e34c0a3a-3e74-4a18-86c9-0e8dd42a6dff,CERT-2569-58583,2026-08-01 04:03:08.640194+00
90eb2fc2-9322-42b2-9d39-b2e0a28f99f6,4ca0900e-4a14-4e43-976a-10bdb240b52a,6007726b-5758-498b-9fc1-a4678e61d9e6,CERT-2569-12032,2026-08-04 03:48:33.057124+00
914f75eb-5603-499f-be7c-cf4d637b8e0f,a1cb872b-9948-4602-baf7-627495ac8f65,e34c0a3a-3e74-4a18-86c9-0e8dd42a6dff,CERT-2569-70205,2026-08-04 08:46:32.160503+00
91b8e315-02e7-4e5d-a587-52da644e95cc,c895f3c2-0050-4f2b-b506-e1eae04162bc,a109394f-8232-4cfb-a47e-35a2d26ea230,CERT-2569-28865,2026-07-24 07:14:20.617471+00
91f04836-1a84-47db-8578-758837affb55,87b0d555-47e4-4903-a5ea-e340b18b1cb7,a109394f-8232-4cfb-a47e-35a2d26ea230,CERT-2569-22186,2026-07-25 13:11:41.142866+00
924c7e86-b2ba-4d58-8e28-06db33bc2fa0,02408900-557f-4fd6-af4a-a4eae11ff20f,a109394f-8232-4cfb-a47e-35a2d26ea230,CERT-2569-10202,2026-07-23 07:22:59.18343+00
926aa2b6-3d4c-4912-a481-e7fe638eeb6b,a413f424-cb05-4421-b10a-4c1567c78b61,6007726b-5758-498b-9fc1-a4678e61d9e6,CERT-2569-37741,2026-07-24 02:33:58.684484+00
92d54f8a-6e50-4fe2-8c11-157fc5a750db,ecb7ce44-9849-47f4-bf34-0bc0f7e06ce1,6007726b-5758-498b-9fc1-a4678e61d9e6,CERT-2569-68975,2026-07-23 05:39:50.673324+00
92f6f513-240f-42b3-b96c-86c7a155ad15,f5dcd8b8-cea9-492a-b5c6-965a4ccf6eb4,e34c0a3a-3e74-4a18-86c9-0e8dd42a6dff,CERT-2569-45578,2026-07-28 12:43:56.322038+00
9303933f-305d-4a4f-8350-cf4b72e7f492,d1042950-a3db-43ea-afca-429efe04dbeb,e34c0a3a-3e74-4a18-86c9-0e8dd42a6dff,CERT-2569-38632,2026-07-23 06:15:24.222167+00
932870c0-c6ea-4b19-9467-1b55aeee05ce,c273a709-6483-4acf-8172-56e8682b2b5d,e34c0a3a-3e74-4a18-86c9-0e8dd42a6dff,CERT-2569-78796,2026-07-25 09:17:30.696874+00
933caba9-8b81-44d3-a428-f288c73aa70d,b8b18fdd-e05e-4a33-960a-96f412005d60,a109394f-8232-4cfb-a47e-35a2d26ea230,CERT-2569-25149,2026-07-26 10:28:49.264793+00
934deb37-72b4-4e30-9ff4-e6b3fd59723d,3bdbd0c0-c72e-4a1e-8135-6ea70e9ac214,6007726b-5758-498b-9fc1-a4678e61d9e6,CERT-2569-21916,2026-07-23 09:23:44.98326+00
93a02f54-1290-4d0e-848d-c75fd962a9f6,98be6aa1-2d21-4e5f-82fb-c51a69c1ec4f,a109394f-8232-4cfb-a47e-35a2d26ea230,CERT-2569-21480,2026-07-23 09:16:07.730774+00
93a127fd-c7fe-4ee9-81ce-a7da4e936166,6a90523c-991e-46cc-beaf-125441a3eaa5,e34c0a3a-3e74-4a18-86c9-0e8dd42a6dff,CERT-2569-81915,2026-07-31 01:17:50.154854+00
93bc2202-29ea-4174-9c12-a7a8bcc951e1,90b8ae8e-dab6-44b7-90a2-bde0746931e2,a109394f-8232-4cfb-a47e-35a2d26ea230,CERT-2569-78211,2026-07-23 06:34:43.19227+00
93cd9108-8a56-4853-b96b-7452d3aa5c8b,68f56d24-c405-45aa-a2df-8d1b2c9ad9a9,a109394f-8232-4cfb-a47e-35a2d26ea230,CERT-2569-25843,2026-07-31 07:13:50.511285+00
94617732-1889-40c5-a0ed-d07a7d6987a1,4dc4aa0e-d1b9-44a9-99db-4a45763016aa,a109394f-8232-4cfb-a47e-35a2d26ea230,CERT-2569-81165,2026-08-03 02:54:29.095482+00
9498a50a-b125-4af0-8b05-b49a8cf944ec,02408900-557f-4fd6-af4a-a4eae11ff20f,e34c0a3a-3e74-4a18-86c9-0e8dd42a6dff,CERT-2569-02519,2026-07-23 07:13:34.466352+00
94cd8960-cc85-42a1-bc79-0cf638d81025,278d133c-e080-46fe-b306-25fce4767887,e34c0a3a-3e74-4a18-86c9-0e8dd42a6dff,CERT-2569-21895,2026-07-29 09:03:37.298861+00
96012616-67db-4bcc-aed4-db029db51d7f,ea685ca7-d62b-428e-8c19-b1b9da1a042a,a109394f-8232-4cfb-a47e-35a2d26ea230,CERT-2569-09730,2026-08-04 13:53:18.561167+00
9662a815-93fd-4591-9184-fa5d5f91531e,501410ce-2713-4005-8340-37a8bfb135f0,a109394f-8232-4cfb-a47e-35a2d26ea230,CERT-2569-42729,2026-07-25 03:27:04.270757+00
967829fd-39c1-4ebc-a8da-e1d0499c1875,66b29ad8-eabf-40d0-9ae0-01bcd51ac9fc,a109394f-8232-4cfb-a47e-35a2d26ea230,CERT-2569-24403,2026-08-03 08:46:25.464054+00
96f07ca9-f3fc-4dbf-8630-6db55b7c5db0,16ed6e84-e390-4731-904a-9d23d4d1e818,6007726b-5758-498b-9fc1-a4678e61d9e6,CERT-2569-46664,2026-07-23 04:07:25.090656+00
97bc2885-e9ec-4d9f-8551-a4d6c7510952,be04deba-4fa1-494a-86b4-db08414b9323,a109394f-8232-4cfb-a47e-35a2d26ea230,CERT-2569-41546,2026-07-25 10:24:47.022926+00
9849dfb7-012f-442d-a207-e780d7a9fae9,58167042-074f-4500-8488-ee458c405cf6,6007726b-5758-498b-9fc1-a4678e61d9e6,CERT-2569-64693,2026-07-23 03:59:12.755398+00
987b53ba-edd9-47f0-a49e-bee6e933d903,c7a40d80-da2f-4400-b9fe-798df6cbb4c4,e34c0a3a-3e74-4a18-86c9-0e8dd42a6dff,CERT-2569-49040,2026-08-01 07:42:46.815915+00
98b42136-8f51-4fdf-9fb6-4179641945b3,8818a9b2-d157-4bb5-9ceb-96768f66b664,e34c0a3a-3e74-4a18-86c9-0e8dd42a6dff,CERT-2569-85696,2026-08-04 02:57:30.618029+00
98ee0b17-4e2a-41a0-8641-37b2bfebe951,c5807951-ce3c-4e04-99d0-d607927c098a,e34c0a3a-3e74-4a18-86c9-0e8dd42a6dff,CERT-2569-22092,2026-08-03 03:54:22.132782+00
994ed41c-3b7b-4092-93cc-4fc5e6328f15,28a69174-101c-4ecc-973f-b8ff3e9ec1b7,6007726b-5758-498b-9fc1-a4678e61d9e6,CERT-2569-76248,2026-07-25 10:11:43.699877+00
9966caa1-5141-4294-8165-d9cf4ae64492,28a69174-101c-4ecc-973f-b8ff3e9ec1b7,a109394f-8232-4cfb-a47e-35a2d26ea230,CERT-2569-59968,2026-07-23 07:07:36.270176+00
99994fdb-e1fa-400a-a089-530a854e948a,8a346216-d4ad-433e-b239-84402080d3a7,a109394f-8232-4cfb-a47e-35a2d26ea230,CERT-2569-96869,2026-08-02 14:44:44.419792+00
99a5cb34-0910-4223-9567-3841539fd0de,126ea45c-6a63-448a-bb8f-504f92c7a1a6,e34c0a3a-3e74-4a18-86c9-0e8dd42a6dff,CERT-2569-50902,2026-07-23 08:35:10.109632+00
99ec07e1-3448-425a-afc8-da537caf3fb7,77bb173f-0b5f-468b-8e3a-f87fd323df7e,e34c0a3a-3e74-4a18-86c9-0e8dd42a6dff,CERT-2569-42084,2026-07-23 06:03:31.1551+00
9a72d1ed-ca8f-482a-9892-004a58a044a1,edeebfd6-da04-49ed-b757-0a1d792c5201,6007726b-5758-498b-9fc1-a4678e61d9e6,CERT-2569-57484,2026-07-27 06:08:12.476146+00
9a761687-cb71-4764-9607-67c3d2abe648,383689d6-524f-4330-a2c2-d3d87104d5fa,e34c0a3a-3e74-4a18-86c9-0e8dd42a6dff,CERT-2569-12594,2026-07-23 07:35:27.080167+00
9a7ea334-4563-4a85-91e0-17b2f3a9e2fc,816a4473-9243-47f4-a9d4-fe080977f4c4,6007726b-5758-498b-9fc1-a4678e61d9e6,CERT-2569-63266,2026-08-02 02:00:48.487563+00
9abfaa2a-72d3-48d1-a694-059aed9e3328,8fc84d75-b0f9-46cd-beb2-b4d8d0ebfaa8,6007726b-5758-498b-9fc1-a4678e61d9e6,CERT-2569-49218,2026-07-26 01:40:02.373006+00
9ba91556-fffd-4a0b-a07a-e523ae3ab6cb,d0bb30b4-b156-4a60-bead-3d27063296ab,a109394f-8232-4cfb-a47e-35a2d26ea230,CERT-2569-86967,2026-07-24 08:52:26.904495+00
9bc03bab-4cd8-49fc-ae81-4e715df2dd36,67db4ce7-fcdc-4016-8979-0c78c5e277a8,a109394f-8232-4cfb-a47e-35a2d26ea230,CERT-2569-36947,2026-08-04 04:03:58.205038+00
9c2032da-98d8-4806-97a7-e41e93a8dd93,362e4dd4-061e-4948-83ba-5a8126ebcade,a109394f-8232-4cfb-a47e-35a2d26ea230,CERT-2569-76242,2026-07-31 08:57:22.189509+00
9c5fafed-a693-4096-aa87-980dc7aa6892,2fd13300-6da7-443b-be95-60634552a4d7,6007726b-5758-498b-9fc1-a4678e61d9e6,CERT-2569-70544,2026-07-26 05:51:29.543125+00
9ce7aede-f87d-4c81-ad7a-766a975bc36d,5aeafd30-b166-4bb4-9f70-1aa5c6327f11,e34c0a3a-3e74-4a18-86c9-0e8dd42a6dff,CERT-2569-55747,2026-07-25 08:26:24.890972+00
9cf9c2e7-8674-4eed-aa10-b7af633e1a71,51a9ba47-ba66-4807-a787-731225ed63c7,a109394f-8232-4cfb-a47e-35a2d26ea230,CERT-2569-00033,2026-07-31 06:15:51.406881+00
9d675824-0ace-44ec-9f43-30fe2200b63b,c237779d-d1ca-4ce2-8287-5beb4af532cc,6007726b-5758-498b-9fc1-a4678e61d9e6,CERT-2569-03937,2026-07-23 23:33:34.377976+00
9e349aa8-3a6b-416f-b062-bb7d3bd1b18b,28f6c8cf-df1e-43da-8fc1-cf9028a8a70f,6007726b-5758-498b-9fc1-a4678e61d9e6,CERT-2569-89226,2026-08-04 15:37:57.903268+00
9e3cfd55-f2a2-41cc-8087-e9f4506f2c53,ebd53a33-c290-4e4f-961d-c4592295925f,a109394f-8232-4cfb-a47e-35a2d26ea230,CERT-2569-60513,2026-07-24 16:50:40.319642+00
9e881172-7c0f-4021-a9ce-1007111da417,69797a9d-f012-4898-b314-d7d268ce7b83,6007726b-5758-498b-9fc1-a4678e61d9e6,CERT-2569-42081,2026-07-25 02:19:02.295983+00
9ea86b87-b39c-4d99-9b34-9685185c5505,8d73f114-aa99-4809-be74-b4ceef47c891,a109394f-8232-4cfb-a47e-35a2d26ea230,CERT-2569-81675,2026-07-25 02:38:54.125188+00
9ebb235d-d18b-4041-b902-6c1172bb1dba,5b98af54-1dd3-498c-9a35-ac6968f26266,e34c0a3a-3e74-4a18-86c9-0e8dd42a6dff,CERT-2569-94696,2026-07-23 07:40:59.281428+00
9eecdeff-3ea8-4b00-83a8-3ee7fdab0e63,42bd96cf-b731-44d3-910e-2f070e4ebdc2,a109394f-8232-4cfb-a47e-35a2d26ea230,CERT-2569-10938,2026-07-29 03:39:49.928839+00
9f444f51-14f3-4f14-8179-904434d2d298,e7746268-3c28-4fa3-9637-6bb32c301122,6007726b-5758-498b-9fc1-a4678e61d9e6,CERT-2569-99603,2026-08-03 06:35:43.432001+00
9f7ca3f9-9842-4785-bff2-87420d5880f5,7df2c6f6-b0d0-4c01-9a35-fa036edb68c7,6007726b-5758-498b-9fc1-a4678e61d9e6,CERT-2569-28263,2026-07-24 12:30:15.181589+00
9fc3ec08-5ef6-42fd-8df9-bb6d5954e953,82a528df-b5f8-4086-8406-bc217ba4ef69,a109394f-8232-4cfb-a47e-35a2d26ea230,CERT-2569-70768,2026-07-23 06:16:06.371769+00
a00ab0d5-e060-494d-84c4-13fbf4308245,82a528df-b5f8-4086-8406-bc217ba4ef69,e34c0a3a-3e74-4a18-86c9-0e8dd42a6dff,CERT-2569-41838,2026-07-28 12:44:22.505538+00
a025aab0-3c06-48fc-8b62-4fdf1edcb0b4,e635097d-f392-45fa-bccf-d75bfb07060c,e34c0a3a-3e74-4a18-86c9-0e8dd42a6dff,CERT-2569-72209,2026-07-31 09:11:01.972089+00
a08c879b-53c1-4091-bbba-0ff591c0ce52,108651c2-467e-4233-990c-f37112380a84,e34c0a3a-3e74-4a18-86c9-0e8dd42a6dff,CERT-2569-35510,2026-07-23 12:23:03.244119+00
a0c54cbf-2884-4037-8a75-f3be5afa054b,edeebfd6-da04-49ed-b757-0a1d792c5201,a109394f-8232-4cfb-a47e-35a2d26ea230,CERT-2569-37942,2026-07-27 07:00:45.786536+00
a13cf99a-e3a4-4206-b0ad-ae131dec35c9,ad906dad-320c-451f-be06-1141f65ed44f,6007726b-5758-498b-9fc1-a4678e61d9e6,CERT-2569-93202,2026-07-23 09:28:00.369828+00
a142f6d7-b176-49e1-bb77-c4140d5dc97d,e2d71524-85d5-4954-a0ab-684be2e342e3,a109394f-8232-4cfb-a47e-35a2d26ea230,CERT-2569-65889,2026-07-28 11:58:17.087195+00
a17d8949-c6ba-4576-a6d7-053e8d8ec24a,278d133c-e080-46fe-b306-25fce4767887,6007726b-5758-498b-9fc1-a4678e61d9e6,CERT-2569-95924,2026-07-29 08:45:34.684732+00
a18d0a67-7bca-41de-81a4-c245dc874ede,24080104-2b82-4569-b3be-ca120a784a70,e34c0a3a-3e74-4a18-86c9-0e8dd42a6dff,CERT-2569-41015,2026-08-06 07:06:46.091289+00
a2072e0e-4ecc-4a55-922a-0f5ba30d5fbe,05c200eb-2aa2-4e26-8739-1a8326a384f3,a109394f-8232-4cfb-a47e-35a2d26ea230,CERT-2569-45444,2026-08-06 04:46:33.677896+00
a226c6a0-5645-4c13-9465-9f1b6bb0e659,9c4fbc2b-9f63-4458-abb3-b8b48688a185,e34c0a3a-3e74-4a18-86c9-0e8dd42a6dff,CERT-2569-88278,2026-07-25 07:35:53.090752+00
a23a04a1-2de3-4bf2-8ca2-a608fe849581,50c7afef-7f77-4716-b7ec-83d1d72c42a1,a109394f-8232-4cfb-a47e-35a2d26ea230,CERT-2569-18888,2026-07-28 07:08:16.877229+00
a26c09d4-bbbc-4b5c-b147-e067ed0331f0,f6b49853-a1a8-4f9c-943c-41d319facb72,a109394f-8232-4cfb-a47e-35a2d26ea230,CERT-2569-75698,2026-07-29 02:59:17.045317+00
a27e3ee7-f23b-4d5e-81a8-17a6f42aaa86,a5d2583d-5f50-4b68-8c69-2197315a11d3,e34c0a3a-3e74-4a18-86c9-0e8dd42a6dff,CERT-2569-54266,2026-08-04 03:07:50.192469+00
a2f71002-87a6-41e0-9db4-2f2da7fe514d,c57544e8-e9b0-43cb-acf2-7ea1f504ec52,6007726b-5758-498b-9fc1-a4678e61d9e6,CERT-2569-58339,2026-07-24 06:48:09.551673+00
a3226cfd-c036-4208-a316-c1b258681c58,4dc9a33b-6b02-44f1-a8cc-132d84854ffc,a109394f-8232-4cfb-a47e-35a2d26ea230,CERT-2569-22223,2026-07-31 08:15:11.044492+00
a35e92f9-1f8e-4f85-89d7-f63f7abbdf58,eeefea45-6383-49a2-be03-a8f91aeb151d,6007726b-5758-498b-9fc1-a4678e61d9e6,CERT-2569-26810,2026-07-29 03:58:48.790248+00
a38682ee-8db4-4582-8781-3bcfec286b24,c0c6f0af-aa48-4056-9af6-46fceb7f54f5,a109394f-8232-4cfb-a47e-35a2d26ea230,CERT-2569-52075,2026-07-29 06:35:36.690306+00
a3b79828-d231-4e55-b89e-85b9dccdc90e,3809c993-20e2-4bbe-aa70-10d846f524cb,e34c0a3a-3e74-4a18-86c9-0e8dd42a6dff,CERT-2569-69039,2026-07-27 09:11:29.254795+00
a40cdbd5-bef6-4a73-996c-f874887364de,10ccf1e3-bae1-4ee5-bc15-d1d505b6a7a5,a109394f-8232-4cfb-a47e-35a2d26ea230,CERT-2569-00895,2026-07-30 10:42:41.804776+00
a44bafa8-9ddb-4b04-bd4e-6c6455bdaf29,88718af4-e14b-4699-82eb-eabc80faefa9,a109394f-8232-4cfb-a47e-35a2d26ea230,CERT-2569-12640,2026-07-23 09:09:32.496654+00
a459d403-f932-4a90-a568-bf07c8079123,ed4139fa-148f-443b-bff6-b1aa0f7c8e3a,a109394f-8232-4cfb-a47e-35a2d26ea230,CERT-2569-16599,2026-07-30 07:05:16.513674+00
a463e183-9022-4585-bd7b-e0c480dafa00,50891122-e02b-4c23-b492-74699d1c4b1e,6007726b-5758-498b-9fc1-a4678e61d9e6,CERT-2569-80269,2026-07-29 06:53:07.158933+00
a50e3575-b720-4dd1-9211-de4faffca153,0da85836-9332-48a0-92f5-38d436242e5c,e34c0a3a-3e74-4a18-86c9-0e8dd42a6dff,CERT-2569-25769,2026-08-06 08:00:31.093516+00
a52afb26-f328-45ff-b0f3-65b874d69cf7,d6721c50-a34d-4c49-94cf-5f1c261fd268,6007726b-5758-498b-9fc1-a4678e61d9e6,CERT-2569-65654,2026-07-26 12:03:29.185362+00
a5c6b66a-780c-42a1-8c74-7a1a7f021d6c,582e44de-62e2-42aa-8af2-2bebd88cbc9e,e34c0a3a-3e74-4a18-86c9-0e8dd42a6dff,CERT-2569-84943,2026-07-24 08:22:20.796851+00
a5fbf55a-31ed-4b2c-a855-e528554c5435,d4193dcc-f7ac-4b13-a713-1ab0fa829f4c,6007726b-5758-498b-9fc1-a4678e61d9e6,CERT-2569-76436,2026-08-05 13:17:36.454997+00
a7a32b21-d011-4a5d-b646-dd69c53fcafd,3cf00b4b-5ec5-4e44-914a-e8724246b627,6007726b-5758-498b-9fc1-a4678e61d9e6,CERT-2569-36867,2026-07-24 12:53:46.07632+00
a7bb3b8a-06d2-4739-bd36-d0f139b822b1,b337a470-ba46-42e8-ba00-063097265270,e34c0a3a-3e74-4a18-86c9-0e8dd42a6dff,CERT-2569-37594,2026-07-24 07:13:35.845819+00
a7d4cdd8-4b30-4007-bc02-0c0a66a13471,f99bb567-0f9b-4800-a1ff-5f865daaf9ba,a109394f-8232-4cfb-a47e-35a2d26ea230,CERT-2569-31597,2026-07-25 23:40:00.478551+00
a7fa2313-f594-4aa0-b56d-79ca2fa2996e,a983da43-82e2-4bce-9991-de90e765753f,a109394f-8232-4cfb-a47e-35a2d26ea230,CERT-2569-17036,2026-07-23 06:06:40.301489+00
a813bad1-de10-4175-a923-5cf7ca037668,3823970f-03ea-4a26-9bb6-14f08468e5d8,e34c0a3a-3e74-4a18-86c9-0e8dd42a6dff,CERT-2569-23772,2026-08-03 08:27:49.727709+00
a86ac1dd-83a5-44b5-b42d-7afca341fdf2,8d6cf286-748d-4a97-9f5f-a6216dce7dc5,a109394f-8232-4cfb-a47e-35a2d26ea230,CERT-2569-26075,2026-07-23 06:13:51.958813+00
a8a8d73d-0137-421f-9b63-595db3193f7e,1fc41ca6-5b87-4cfa-a586-1d0dff3d1470,6007726b-5758-498b-9fc1-a4678e61d9e6,CERT-2569-78361,2026-07-23 04:30:06.715249+00
a8c262f8-3280-4651-8f41-153cf682ccb9,37a7ca0d-7ae5-4a7c-bd74-3c8b725167a9,a109394f-8232-4cfb-a47e-35a2d26ea230,CERT-2569-46112,2026-08-01 08:01:21.877221+00
a8dbe736-ba92-4626-bc87-6a91ccc44171,9876dd3e-e901-4a76-8c1c-2115c2a2c073,6007726b-5758-498b-9fc1-a4678e61d9e6,CERT-2569-87000,2026-07-28 13:19:10.332869+00
a8e95bac-0fb9-4ef0-8407-0b4d3ebf6e6a,1d758a6f-4ef5-4da0-91f5-108c1388ce47,a109394f-8232-4cfb-a47e-35a2d26ea230,CERT-2569-07509,2026-08-04 05:26:59.721005+00
a929fb35-671f-463e-b831-1207e869ff3c,025a6bec-4b3b-4a05-bbb7-95583882bcd2,6007726b-5758-498b-9fc1-a4678e61d9e6,CERT-2569-79196,2026-07-23 03:39:17.299105+00
a978f54a-8047-4c03-9530-44a07585cf97,151b1a29-7ec0-4081-b26b-9f1f4100f9fe,e34c0a3a-3e74-4a18-86c9-0e8dd42a6dff,CERT-2569-52022,2026-08-06 08:10:44.79379+00
a982c7b0-4e22-4f7b-a95b-f9dba53a8846,bd0b5a5c-820c-442c-9dcf-0e01cbf57b9b,e34c0a3a-3e74-4a18-86c9-0e8dd42a6dff,CERT-2569-27225,2026-08-06 06:21:16.77738+00
a987e984-0c91-41f5-9a5a-490579c1e5f7,d47563c1-2aca-4f90-b777-2d2a9a9855c7,e34c0a3a-3e74-4a18-86c9-0e8dd42a6dff,CERT-2569-64030,2026-07-23 06:22:19.894094+00
a9b2e621-38f2-460d-84fa-4dd666c99498,3a40101e-236d-4de8-8f7e-f1c7bd8cf6af,a109394f-8232-4cfb-a47e-35a2d26ea230,CERT-2569-05574,2026-07-23 06:45:28.40892+00
a9cfb45e-0dbf-4bfb-97fd-b77f1afb9fb6,d7e9c613-d35b-4e9f-8e25-40e81a2b2252,6007726b-5758-498b-9fc1-a4678e61d9e6,CERT-2569-82682,2026-07-23 08:10:56.931643+00
a9f0f1fe-6bc8-479c-bff7-18e77a3ecf7b,ea685ca7-d62b-428e-8c19-b1b9da1a042a,e34c0a3a-3e74-4a18-86c9-0e8dd42a6dff,CERT-2569-21086,2026-08-04 14:21:29.344423+00
aa6e738a-6aa9-4c99-bbac-47fe1c5a53f7,7abed0dd-c66e-4d08-9c9b-0fa125d4fc80,6007726b-5758-498b-9fc1-a4678e61d9e6,CERT-2569-63742,2026-07-23 06:50:50.038137+00
aad113aa-4bca-4c72-b8ac-58e2904b2d8d,e0321c75-9b67-4c90-9451-4e6066f6a9e9,6007726b-5758-498b-9fc1-a4678e61d9e6,CERT-2569-83835,2026-07-14 04:37:17.798414+00
ab3a85cd-e5a8-4fbd-9a79-d752b23cdbcb,0f0c046a-bda2-4250-b51d-9c57f17aa7a4,a109394f-8232-4cfb-a47e-35a2d26ea230,CERT-2569-65796,2026-07-25 10:37:41.748038+00
ab678483-44e5-4c64-9995-669df6d8aba4,a413f424-cb05-4421-b10a-4c1567c78b61,a109394f-8232-4cfb-a47e-35a2d26ea230,CERT-2569-38786,2026-07-23 08:03:43.261991+00
ab6b7b02-8fd1-42fc-b05d-1b847a6ed854,fe4a8570-b347-4175-9503-bb6dde8b04e8,a109394f-8232-4cfb-a47e-35a2d26ea230,CERT-2569-99571,2026-08-05 11:19:13.3217+00
ab76d561-468f-4fca-b49c-5269b063c8b6,4856b4d5-1050-4590-8952-10112dee368c,a109394f-8232-4cfb-a47e-35a2d26ea230,CERT-2569-05234,2026-08-03 09:25:00.168909+00
abdf6071-7d23-47aa-8b80-6ff0d1c421f6,8a346216-d4ad-433e-b239-84402080d3a7,e34c0a3a-3e74-4a18-86c9-0e8dd42a6dff,CERT-2569-69614,2026-08-02 14:48:22.221095+00
abe12309-6771-4335-a0d6-d9e75ae23d08,eb80bfce-193a-4966-bda5-87a6e1c7b871,a109394f-8232-4cfb-a47e-35a2d26ea230,CERT-2569-18101,2026-08-05 02:45:08.786814+00
ac1647d9-d847-4982-9ca9-c3e81dd58e82,501410ce-2713-4005-8340-37a8bfb135f0,6007726b-5758-498b-9fc1-a4678e61d9e6,CERT-2569-72244,2026-07-25 03:40:20.808066+00
ac6bf557-9d9d-4620-bea2-b31650567c8e,8edd6acf-6e7c-459f-915e-111c115032ea,e34c0a3a-3e74-4a18-86c9-0e8dd42a6dff,CERT-2569-70023,2026-07-23 06:06:23.832404+00
acd566ca-152e-4262-8266-76fc90662855,54e7d292-37e8-412b-9701-6ead643c4fde,a109394f-8232-4cfb-a47e-35a2d26ea230,CERT-2569-88679,2026-08-03 10:26:08.625052+00
ad2ff0a7-4c2b-4d5a-a236-89a9a8dc44db,ef34ae1c-b12f-42c4-8375-05e76ba65c92,a109394f-8232-4cfb-a47e-35a2d26ea230,CERT-2569-35014,2026-07-23 05:36:26.647968+00
ad53b745-1a16-4169-8cfa-d08b8bf07b4e,f0efb11e-4234-4d36-b882-d81d9b92a60d,6007726b-5758-498b-9fc1-a4678e61d9e6,CERT-2569-55334,2026-08-01 07:36:35.698875+00
addd5d44-425b-43f3-993d-1af105b98bf9,bd479c1b-75b3-42f6-8f44-fe596b01b9ba,e34c0a3a-3e74-4a18-86c9-0e8dd42a6dff,CERT-2569-04075,2026-08-01 05:46:10.148357+00
ae1c3d87-b044-4de4-aefe-dbead30b2874,f8bbe641-6e22-41e9-975e-381351f3ba6d,e34c0a3a-3e74-4a18-86c9-0e8dd42a6dff,CERT-2569-50442,2026-07-23 06:09:50.426638+00
ae33e1f0-8234-43b9-b19a-abb30ad65b68,f5dcd8b8-cea9-492a-b5c6-965a4ccf6eb4,6007726b-5758-498b-9fc1-a4678e61d9e6,CERT-2569-55169,2026-07-28 12:53:08.148953+00
ae525e3a-3acf-410f-bb62-8a5c47902dbe,edeebfd6-da04-49ed-b757-0a1d792c5201,e34c0a3a-3e74-4a18-86c9-0e8dd42a6dff,CERT-2569-06699,2026-07-27 06:49:11.030587+00
ae6de63a-c51b-4a13-8ef6-457060ddc0f1,3809c993-20e2-4bbe-aa70-10d846f524cb,a109394f-8232-4cfb-a47e-35a2d26ea230,CERT-2569-35365,2026-07-27 08:54:08.574703+00
ae7c5403-3bda-41c5-b5de-4574176effab,b6b3fa2d-2cba-4263-a68f-bcbf5e656f0a,6007726b-5758-498b-9fc1-a4678e61d9e6,CERT-2569-27989,2026-07-29 07:13:58.255534+00
aeb36eb6-e134-4d75-b6d6-759b083fbbc2,575475db-e499-4950-96c7-dfc67ee58552,a109394f-8232-4cfb-a47e-35a2d26ea230,CERT-2569-15773,2026-07-25 02:26:14.723926+00
aed05b8f-a4d5-4c15-845d-3603af839ced,3a40101e-236d-4de8-8f7e-f1c7bd8cf6af,e34c0a3a-3e74-4a18-86c9-0e8dd42a6dff,CERT-2569-97612,2026-07-23 06:26:12.617428+00
af2caa04-5a63-4610-a465-15c49ddeafe4,06c2b114-ade7-4275-879d-fbca08b9e78d,6007726b-5758-498b-9fc1-a4678e61d9e6,CERT-2569-31216,2026-07-23 23:22:24.368502+00
af78d5dd-3ccc-4797-8e27-25cc65319263,ebd53a33-c290-4e4f-961d-c4592295925f,e34c0a3a-3e74-4a18-86c9-0e8dd42a6dff,CERT-2569-68435,2026-07-24 16:56:25.000746+00
b0487b73-68d7-4e9c-a56d-e2f964284c22,a1d04c79-f4ad-4dcf-b739-c629eb6282c0,a109394f-8232-4cfb-a47e-35a2d26ea230,CERT-2569-91655,2026-08-04 08:21:00.734053+00
b07c7ffc-7e1b-4f3e-aa22-e828f45359cb,2490cd5c-2bf7-4acb-bbec-0cb94a8d98aa,6007726b-5758-498b-9fc1-a4678e61d9e6,CERT-2569-93238,2026-07-25 10:19:33.30132+00
b09ad8bb-df5f-46c9-91ad-6cfe9c197444,0b6842ab-9683-4f49-968d-69cfd14c58fb,6007726b-5758-498b-9fc1-a4678e61d9e6,CERT-2569-42222,2026-07-27 13:12:05.732294+00
b0c145fa-2fa0-45d7-9211-878b085b4c01,5aeafd30-b166-4bb4-9f70-1aa5c6327f11,a109394f-8232-4cfb-a47e-35a2d26ea230,CERT-2569-62527,2026-07-25 08:29:40.358995+00
b17cc69a-8031-4586-882f-bd7bc6b402ad,dd8bd224-219a-48b8-a4d7-233fd08654ae,6007726b-5758-498b-9fc1-a4678e61d9e6,CERT-2569-39646,2026-08-03 09:45:25.172562+00
b1ead413-10c9-4446-a6b1-126ee2f5f97b,32f93a8d-f462-42c5-877f-a27c3a265d74,a109394f-8232-4cfb-a47e-35a2d26ea230,CERT-2569-77037,2026-07-23 06:46:17.269573+00
b226e2ba-cec5-47f5-bf5f-d6b05aa886f3,97d3c1a1-9e88-461e-9301-91c3f9a4b4a1,e34c0a3a-3e74-4a18-86c9-0e8dd42a6dff,CERT-2569-43135,2026-07-25 15:13:33.265653+00
b24a8318-b013-46f6-a390-02e345a22a67,871841b5-8995-469a-8efe-3cad88793f85,a109394f-8232-4cfb-a47e-35a2d26ea230,CERT-2569-08872,2026-07-23 09:09:53.307038+00
b2d69d11-6123-456a-ac71-9cff19dde112,6325fd8d-ff94-48c9-87ab-f30bc1bf113a,a109394f-8232-4cfb-a47e-35a2d26ea230,CERT-2569-95641,2026-07-27 06:32:57.974851+00
b3584556-86ad-404b-8d2a-2d8e3134628d,26a51716-553d-4aa6-a236-df8829e7f204,a109394f-8232-4cfb-a47e-35a2d26ea230,CERT-2569-62628,2026-08-03 13:01:53.02683+00
b3b3ccb6-bfbd-411d-9f39-5766fa64a9ff,dffc27e6-6fbd-4846-afaf-9c0f82aab03f,6007726b-5758-498b-9fc1-a4678e61d9e6,CERT-2569-28228,2026-07-28 09:45:50.686058+00
b3c266bf-d368-4b82-b4a8-2388418a1ade,3cf00b4b-5ec5-4e44-914a-e8724246b627,e34c0a3a-3e74-4a18-86c9-0e8dd42a6dff,CERT-2569-90918,2026-07-24 12:58:52.322306+00
b3ecf103-d452-48c1-be73-8f6a029115c9,bd479c1b-75b3-42f6-8f44-fe596b01b9ba,a109394f-8232-4cfb-a47e-35a2d26ea230,CERT-2569-80143,2026-08-01 04:27:39.999732+00
b46de0cd-2ca6-464e-9cf6-82e6dfdf2e14,ef6a0f3a-41b5-4f06-985b-5b1d46ba71d4,a109394f-8232-4cfb-a47e-35a2d26ea230,CERT-2569-55403,2026-08-06 03:02:03.495351+00
b4925a6a-cf3f-4218-bc3c-027b6bc06483,836e3021-736b-4a08-9340-c06003876699,a109394f-8232-4cfb-a47e-35a2d26ea230,CERT-2569-31495,2026-07-23 06:38:56.149755+00
b497d467-5afa-453d-a108-71c2303ab117,e79a6745-6632-49a2-ac5b-54dab7d1ee01,6007726b-5758-498b-9fc1-a4678e61d9e6,CERT-2569-47513,2026-08-05 14:14:28.141431+00
b4d9a1c3-9d30-4113-9500-277f59c085f5,3e8b535b-178b-476a-b7f8-743a2ad8c411,a109394f-8232-4cfb-a47e-35a2d26ea230,CERT-2569-95804,2026-07-30 07:22:26.136963+00
b4f082e5-1e2b-479a-b398-0891d282bb8c,61aed65f-214c-4a89-91d4-d4ea06ad1937,e34c0a3a-3e74-4a18-86c9-0e8dd42a6dff,CERT-2569-77337,2026-08-05 07:33:27.319767+00
b5bf5df0-90b9-4f9a-90b3-630f76b54b0d,013949c0-4e26-4710-9f56-485b4a2be99e,a109394f-8232-4cfb-a47e-35a2d26ea230,CERT-2569-53682,2026-07-23 10:20:41.962641+00
b5e8a0a2-d483-4490-a838-b2f9025799a9,58d681fa-3285-4e3d-a0e7-14d8ab09474c,e34c0a3a-3e74-4a18-86c9-0e8dd42a6dff,CERT-2569-50903,2026-07-23 06:56:03.620228+00
b6a818fd-0e00-4982-b8aa-a15f1030575a,8e5b53ba-a9d8-42b5-b952-a4ccefe55ef1,a109394f-8232-4cfb-a47e-35a2d26ea230,CERT-2569-54249,2026-07-25 06:39:07.333813+00
b6c29599-0f44-4822-bbf2-17df5ac4a4d9,999bf664-b984-40e0-aec8-ab8265176074,6007726b-5758-498b-9fc1-a4678e61d9e6,CERT-2569-50974,2026-07-27 06:09:57.622871+00
b7a3169a-1fcf-4edd-b748-4fb48febb82d,7394f74e-013b-4276-8616-4fe9293f88c2,e34c0a3a-3e74-4a18-86c9-0e8dd42a6dff,CERT-2569-99057,2026-07-25 10:06:40.780165+00
b7ab2412-4632-487c-b2cd-284b0f7509c1,03736bfb-6e5c-419d-be07-464baa693a8c,6007726b-5758-498b-9fc1-a4678e61d9e6,CERT-2569-25351,2026-07-23 12:50:11.085816+00
b7bc626b-e6d3-4612-a525-ab7adbcf9828,004d674b-d665-43a2-a961-abf7969586fe,e34c0a3a-3e74-4a18-86c9-0e8dd42a6dff,CERT-2569-15926,2026-08-05 03:00:29.968391+00
b8019dca-79c3-4ea9-aba7-eb7f064bffc9,b337a470-ba46-42e8-ba00-063097265270,6007726b-5758-498b-9fc1-a4678e61d9e6,CERT-2569-39497,2026-07-24 07:30:24.962669+00
b8126222-b435-4fa9-8dc3-b863314a2bc4,fdb51546-74f9-44a9-b7a7-5b3ad944939b,6007726b-5758-498b-9fc1-a4678e61d9e6,CERT-2569-17706,2026-07-28 11:02:16.12404+00
b85aef60-db35-4271-b0fa-a83a96e26a24,79cce0aa-6120-4394-b09d-fd1b8e1625d3,e34c0a3a-3e74-4a18-86c9-0e8dd42a6dff,CERT-2569-95792,2026-08-04 03:01:18.962871+00
b87d2546-31c0-46df-94d0-b39666ce1fc3,aa76a236-808d-496b-a681-2ed8ac125d49,a109394f-8232-4cfb-a47e-35a2d26ea230,CERT-2569-00249,2026-07-23 04:15:12.910004+00
b893ee86-bb25-4376-b269-6b8f3bbe33fe,e79a6745-6632-49a2-ac5b-54dab7d1ee01,e34c0a3a-3e74-4a18-86c9-0e8dd42a6dff,CERT-2569-45706,2026-08-06 03:09:32.69214+00
b8a899bb-1b79-4b38-9b2d-bd43b2165949,2a2f3b01-790c-4d28-8f7e-0b270a2497ca,6007726b-5758-498b-9fc1-a4678e61d9e6,CERT-2569-93045,2026-08-04 14:53:22.342992+00
b8cd6520-0669-4d19-a1a3-24f34f170b58,c90c83b4-7b3d-4b8d-b963-3898ae45cd95,6007726b-5758-498b-9fc1-a4678e61d9e6,CERT-2569-72740,2026-07-30 15:34:50.535743+00
b8fed2e8-ed14-4dec-ab6c-06d875b82b0f,7abed0dd-c66e-4d08-9c9b-0fa125d4fc80,a109394f-8232-4cfb-a47e-35a2d26ea230,CERT-2569-88752,2026-07-23 09:10:40.459878+00
b90262c8-fa9d-4201-bb7a-1cdd8b1c66ae,0b223391-4488-4caa-a2bd-5b84e6e77dc4,a109394f-8232-4cfb-a47e-35a2d26ea230,CERT-2569-56876,2026-07-26 12:56:55.411476+00
b9d301da-dcf0-424a-9808-cdbe13b8c178,8a2c77e8-3be7-409c-959a-4b299715efe4,e34c0a3a-3e74-4a18-86c9-0e8dd42a6dff,CERT-2569-45539,2026-08-02 14:34:23.647968+00
b9fdee80-6143-4e46-8676-f802cb65d237,862c21e6-b50a-4976-8272-7a4274ca5744,6007726b-5758-498b-9fc1-a4678e61d9e6,CERT-2569-06156,2026-07-23 07:46:13.904504+00
ba1439bd-5be1-4bb3-a469-396777b7b094,501598e3-34f3-4d3f-aa49-0f0e6a308d74,e34c0a3a-3e74-4a18-86c9-0e8dd42a6dff,CERT-2569-24153,2026-07-31 07:22:58.192849+00
bab9de91-ec6e-4280-9aba-9ec09308b19b,575475db-e499-4950-96c7-dfc67ee58552,e34c0a3a-3e74-4a18-86c9-0e8dd42a6dff,CERT-2569-90949,2026-07-25 08:27:42.069873+00
babe252e-c013-46cd-8ff2-1fa52dd9ba94,23cc6713-f27f-4378-9bcc-7c0aed8d7dcf,6007726b-5758-498b-9fc1-a4678e61d9e6,CERT-2569-53394,2026-07-30 05:25:09.326594+00
bad00d1a-cd8e-4bb4-b588-12469d8d86e0,c6f77200-45e3-4019-b12b-8689b65567da,a109394f-8232-4cfb-a47e-35a2d26ea230,CERT-2569-07167,2026-07-24 00:25:50.774671+00
bada5b63-fda5-4e30-ac3d-5f40e5ee724a,85cbab1b-aee8-4ec9-9dd5-505925736f10,e34c0a3a-3e74-4a18-86c9-0e8dd42a6dff,CERT-2569-01641,2026-07-31 03:30:06.238872+00
bb2f99db-cca6-422e-9e15-171b6386ba80,91dafa31-ab5a-49b4-b6fd-c128ae82b2d3,e34c0a3a-3e74-4a18-86c9-0e8dd42a6dff,CERT-2569-12725,2026-07-29 03:41:16.778933+00
bba79e58-2c51-4cdc-a160-cac3916493cf,6325fd8d-ff94-48c9-87ab-f30bc1bf113a,6007726b-5758-498b-9fc1-a4678e61d9e6,CERT-2569-97435,2026-07-27 04:20:17.172777+00
bc6891d1-fd6f-4b39-b5c9-15edf618e47f,03736bfb-6e5c-419d-be07-464baa693a8c,e34c0a3a-3e74-4a18-86c9-0e8dd42a6dff,CERT-2569-63207,2026-07-23 08:06:05.590021+00
bcd79877-2ba1-426d-af56-ae3993a2adec,8fc84d75-b0f9-46cd-beb2-b4d8d0ebfaa8,e34c0a3a-3e74-4a18-86c9-0e8dd42a6dff,CERT-2569-03752,2026-07-26 07:49:25.233048+00
bd4bbd43-9387-4801-9fca-3a6c745f4127,ea685ca7-d62b-428e-8c19-b1b9da1a042a,6007726b-5758-498b-9fc1-a4678e61d9e6,CERT-2569-31171,2026-08-04 14:10:20.626094+00
bd4e0cca-95a3-482b-8cea-84e209660ce5,4269221e-4eba-46d3-a2e3-555988891e36,e34c0a3a-3e74-4a18-86c9-0e8dd42a6dff,CERT-2569-91867,2026-07-24 11:44:59.317356+00
bdc0695f-5e59-4af2-8e34-c88d1c31111a,b15ecc9c-06f1-46f3-877a-560e98daa6c3,a109394f-8232-4cfb-a47e-35a2d26ea230,CERT-2569-29700,2026-08-03 03:35:40.557481+00
be32e964-9ce2-4eac-b30c-6ce4e796283e,cb8ea1d5-5757-4e98-930a-e020a0966943,e34c0a3a-3e74-4a18-86c9-0e8dd42a6dff,CERT-2569-15700,2026-07-25 04:07:01.302928+00
becb2f54-74b3-441a-866b-cefb0bc5d12e,97d3c1a1-9e88-461e-9301-91c3f9a4b4a1,a109394f-8232-4cfb-a47e-35a2d26ea230,CERT-2569-70833,2026-07-25 15:23:44.069951+00
bf2b2c22-a3c5-47f2-b43e-a200e88a645d,67db4ce7-fcdc-4016-8979-0c78c5e277a8,e34c0a3a-3e74-4a18-86c9-0e8dd42a6dff,CERT-2569-57222,2026-08-04 04:00:53.705495+00
bf953a8a-465b-4bd7-8e54-22857af73b0b,025a6bec-4b3b-4a05-bbb7-95583882bcd2,a109394f-8232-4cfb-a47e-35a2d26ea230,CERT-2569-23350,2026-07-23 03:43:55.551378+00
c052a309-ff54-4309-a045-a1b0fdfe43d1,67001d3b-86dc-4e7d-8a3a-61d3415bb5e3,6007726b-5758-498b-9fc1-a4678e61d9e6,CERT-2569-01588,2026-08-06 03:28:32.761285+00
c079aca2-5ac8-48db-aa61-4088d6587339,602465ef-4a4a-45b0-9025-d639790c5ad7,6007726b-5758-498b-9fc1-a4678e61d9e6,CERT-2569-10106,2026-07-23 06:17:24.938552+00
c0b39779-8757-4ebd-acd1-eb62bd1abb0a,4d4bab73-732e-4a22-966f-753602395bc6,6007726b-5758-498b-9fc1-a4678e61d9e6,CERT-2569-87936,2026-07-23 04:19:37.33796+00
c0dc3f0a-cadf-4696-b691-ffad89817592,97b32fd9-8e7a-4160-a448-921974906d62,6007726b-5758-498b-9fc1-a4678e61d9e6,CERT-2569-17275,2026-07-25 04:41:56.616706+00
c170b9e5-bd22-40cb-9d19-181dcc19222a,2ed441de-4477-452b-a66e-70ff7ff0785c,6007726b-5758-498b-9fc1-a4678e61d9e6,CERT-2569-23858,2026-07-23 08:27:19.802383+00
c18bd963-191f-452d-87af-2c726f1ee51a,abb860de-5829-44e9-aa89-118a207d8075,e34c0a3a-3e74-4a18-86c9-0e8dd42a6dff,CERT-2569-64104,2026-07-30 13:49:33.245094+00
c1b281c2-a3f4-4767-9d86-5a9e0f165c42,0f0c046a-bda2-4250-b51d-9c57f17aa7a4,6007726b-5758-498b-9fc1-a4678e61d9e6,CERT-2569-94373,2026-07-25 10:26:19.561146+00
c1f4e7e0-90b7-4d7d-a2ee-59653e86ba04,18f193cd-ae93-42f7-8e83-8171aaf6bd02,6007726b-5758-498b-9fc1-a4678e61d9e6,CERT-2569-95992,2026-08-01 01:58:40.22497+00
c1f81030-a072-45e0-9bf9-73d08396c652,1d80d24d-228c-470c-8aeb-fdf8a95931f4,6007726b-5758-498b-9fc1-a4678e61d9e6,CERT-2569-53813,2026-08-04 03:34:07.16638+00
c1f96b7e-f433-411a-a59a-f84c06d64c7e,8aa1f854-9d04-4a44-a132-932f7065f529,e34c0a3a-3e74-4a18-86c9-0e8dd42a6dff,CERT-2569-79597,2026-07-24 07:54:59.320771+00
c1fd7756-f611-473a-b960-7e63ce0ec568,be04deba-4fa1-494a-86b4-db08414b9323,e34c0a3a-3e74-4a18-86c9-0e8dd42a6dff,CERT-2569-92678,2026-07-25 10:45:02.071131+00
c20f27db-242d-42e7-b7d4-31b4972c7886,ed5a2d8d-90fb-4d5b-9f86-3f27cb7f80f1,6007726b-5758-498b-9fc1-a4678e61d9e6,CERT-2569-34392,2026-07-26 14:33:11.801328+00
c21d077c-0815-4b96-a1a4-abfa7bc00967,58f69ff3-cb27-42f4-8e0e-ac0a36bbfe14,e34c0a3a-3e74-4a18-86c9-0e8dd42a6dff,CERT-2569-15099,2026-08-06 01:44:32.046833+00
c23c9ff6-df88-4bd0-bbd0-8062fc36bfed,e9965c77-4900-477f-a771-e12329d7f1fb,a109394f-8232-4cfb-a47e-35a2d26ea230,CERT-2569-69726,2026-07-31 10:17:35.658665+00
c251fcd2-aa76-4591-8771-93cafa54ed97,68f56d24-c405-45aa-a2df-8d1b2c9ad9a9,6007726b-5758-498b-9fc1-a4678e61d9e6,CERT-2569-79489,2026-07-31 07:16:02.904758+00
c257fc97-6077-4c6a-9193-36d168a14667,8c23035e-3366-4f12-ac0c-d01cc4205eac,a109394f-8232-4cfb-a47e-35a2d26ea230,CERT-2569-28053,2026-08-04 14:07:42.405437+00
c25a89cc-bf21-4b83-bd6a-56503dfe7071,64814519-8267-4b0c-83f7-b00e7baea2f2,e34c0a3a-3e74-4a18-86c9-0e8dd42a6dff,CERT-2569-13324,2026-08-04 04:15:08.06576+00
c284012d-89ae-434b-8406-a07af57886e2,cf59d937-9303-47f4-a8ed-9aca45d45b0e,a109394f-8232-4cfb-a47e-35a2d26ea230,CERT-2569-05176,2026-07-23 04:18:01.577849+00
c2b73c16-623c-420a-b179-6d55fbfe7c7d,20293ec4-ca2c-4076-a978-70d9c2c9e86a,e34c0a3a-3e74-4a18-86c9-0e8dd42a6dff,CERT-2569-62855,2026-07-23 08:39:48.596202+00
c30a50a0-3e44-404e-8e2e-e775adf70839,c6f77200-45e3-4019-b12b-8689b65567da,6007726b-5758-498b-9fc1-a4678e61d9e6,CERT-2569-12843,2026-07-24 00:23:31.371987+00
c328b35a-388a-4a29-9920-c127176f6e00,19176798-8ae8-4eb5-8cc4-acc580070892,e34c0a3a-3e74-4a18-86c9-0e8dd42a6dff,CERT-2569-11428,2026-07-23 04:46:13.026762+00
c340201f-3d52-4161-b39f-6aa93a093404,29bfeb4a-ddb8-47a1-86ad-55a8062c28f5,a109394f-8232-4cfb-a47e-35a2d26ea230,CERT-2569-02227,2026-07-23 07:38:08.765091+00
c379b919-d3b8-4ed0-b38c-963ea4fd7646,9327d669-e2c6-4755-9562-22a1fae45276,a109394f-8232-4cfb-a47e-35a2d26ea230,CERT-2569-90969,2026-07-24 04:18:20.770644+00
c37f1b32-6c0e-4691-8c75-9b843d6c201d,1b6ba5aa-6a44-4764-ab8c-09ca66244ad0,6007726b-5758-498b-9fc1-a4678e61d9e6,CERT-2569-35901,2026-07-24 09:11:34.145916+00
c392466e-8354-4cb3-b56e-9445854b100e,0acda694-f606-4b29-85db-913bd0f4cdb1,a109394f-8232-4cfb-a47e-35a2d26ea230,CERT-2569-64580,2026-07-25 09:45:52.865854+00
c3f7ae58-be22-4c06-a95b-612c15e50259,de2e86b1-fd01-4fe7-a4be-cec6fcdf5a3b,e34c0a3a-3e74-4a18-86c9-0e8dd42a6dff,CERT-2569-63399,2026-08-06 09:27:28.586468+00
c40f2de0-e466-4512-9c27-b6c887f875ce,70134989-e67b-4070-be91-976f4cf76960,e34c0a3a-3e74-4a18-86c9-0e8dd42a6dff,CERT-2569-10752,2026-07-23 08:07:55.957878+00
c43dca16-1b97-40f8-980c-c182de27b59f,2490cd5c-2bf7-4acb-bbec-0cb94a8d98aa,a109394f-8232-4cfb-a47e-35a2d26ea230,CERT-2569-71353,2026-07-25 10:11:08.605029+00
c467398a-3300-4d92-90c4-8b9d0c578c45,05362258-ea2a-4f34-a7ab-85d3ccb343f0,e34c0a3a-3e74-4a18-86c9-0e8dd42a6dff,CERT-2569-67005,2026-08-04 07:47:57.582261+00
c474eab3-b9ef-49dd-9228-04a48396c8d6,381cf4e2-d307-4978-954d-569c50129ef9,6007726b-5758-498b-9fc1-a4678e61d9e6,CERT-2569-41821,2026-07-27 20:17:22.375687+00
c4cc674c-a3e3-4797-b5ce-99e73b025970,83b50b75-ecba-498d-92c3-c9a08c1898fa,a109394f-8232-4cfb-a47e-35a2d26ea230,CERT-2569-84952,2026-08-06 01:42:50.067422+00
c4d0d777-458d-44f0-8d92-846ceb3f908d,97d3c1a1-9e88-461e-9301-91c3f9a4b4a1,6007726b-5758-498b-9fc1-a4678e61d9e6,CERT-2569-92552,2026-07-25 14:43:49.874768+00
c4e25eed-bf29-432e-a234-743fed578001,836d18cc-c4c9-48a8-b357-b73f28170e78,6007726b-5758-498b-9fc1-a4678e61d9e6,CERT-2569-71817,2026-07-23 06:38:55.723338+00
c4f58970-2d55-47c7-8bac-b2f3885ba46c,b7847392-7198-43f7-84de-fc024d1c9fc0,e34c0a3a-3e74-4a18-86c9-0e8dd42a6dff,CERT-2569-82921,2026-07-23 15:53:04.36763+00
c53a6176-a00c-4a51-9f6d-4d56ca09bf84,fd01efbe-88db-4e3f-b318-5e0317173491,e34c0a3a-3e74-4a18-86c9-0e8dd42a6dff,CERT-2569-29683,2026-07-23 06:51:59.656268+00
c6109d88-3d30-4fc2-913c-de3bd79c39a8,5cd556e1-3148-43e6-beb4-e85211ea1b83,e34c0a3a-3e74-4a18-86c9-0e8dd42a6dff,CERT-2569-78919,2026-07-23 10:48:47.637795+00
c62703c3-fe3e-48a7-a360-27b6660e3d0f,4dc4aa0e-d1b9-44a9-99db-4a45763016aa,e34c0a3a-3e74-4a18-86c9-0e8dd42a6dff,CERT-2569-34055,2026-08-03 02:40:55.507918+00
c62aaf69-e32b-4033-90cc-b3c9d476a54f,57ff58f4-418f-44e2-9a33-b5c3d1f01159,6007726b-5758-498b-9fc1-a4678e61d9e6,CERT-2569-86323,2026-07-23 08:51:03.5609+00
c62b79a4-e420-4076-a473-2a67f54054f3,871841b5-8995-469a-8efe-3cad88793f85,e34c0a3a-3e74-4a18-86c9-0e8dd42a6dff,CERT-2569-74870,2026-07-23 06:36:31.986092+00
c6c7ce91-b311-4145-beab-4e3f64f97a9a,37a7ca0d-7ae5-4a7c-bd74-3c8b725167a9,e34c0a3a-3e74-4a18-86c9-0e8dd42a6dff,CERT-2569-06057,2026-08-01 07:56:02.981285+00
c7160eef-1d73-4d24-b10e-914552108f98,82b56f1b-7193-4b64-ab46-c5f84efa55b7,6007726b-5758-498b-9fc1-a4678e61d9e6,CERT-2569-93739,2026-07-23 09:26:42.654828+00
c771c199-ec3a-4814-aab4-ea6ab4d6beda,44e151ee-1a44-43c8-a927-2ba24945f61c,e34c0a3a-3e74-4a18-86c9-0e8dd42a6dff,CERT-2569-99946,2026-08-05 07:01:59.777158+00
c820e70f-c274-468a-8c12-4929c7254707,0e6cbf4d-ddd2-4087-9dec-565450b33c7e,e34c0a3a-3e74-4a18-86c9-0e8dd42a6dff,CERT-2569-92645,2026-07-23 09:05:15.517029+00
c8559aee-a555-429e-b027-31be0e8dc23a,bdae38e2-bc07-4ae3-b54d-bf3050618a30,a109394f-8232-4cfb-a47e-35a2d26ea230,CERT-2569-15808,2026-07-23 04:51:26.025044+00
c8b86621-4f80-4b42-98a8-4380ee91bcf2,c6f77200-45e3-4019-b12b-8689b65567da,e34c0a3a-3e74-4a18-86c9-0e8dd42a6dff,CERT-2569-60801,2026-07-24 00:33:51.179071+00
c8d8eb24-6acb-4460-b929-315fb6432c13,50891122-e02b-4c23-b492-74699d1c4b1e,a109394f-8232-4cfb-a47e-35a2d26ea230,CERT-2569-27315,2026-07-29 06:09:24.096803+00
c8f27aa2-d48f-4524-b4a0-033789e8496b,2e7dc3fe-7734-4eac-9da5-5c37055c62e9,a109394f-8232-4cfb-a47e-35a2d26ea230,CERT-2569-50422,2026-08-05 03:30:44.52185+00
c9368600-571a-475b-83c1-ed640751624e,e5fc6f49-bf82-4c1c-b404-91b5dc5efa9c,e34c0a3a-3e74-4a18-86c9-0e8dd42a6dff,CERT-2569-36100,2026-07-26 14:06:08.468968+00
c9a6aaee-713b-44a7-8908-5813db201660,7533b0be-65eb-4e63-9d1c-e9f072232e75,6007726b-5758-498b-9fc1-a4678e61d9e6,CERT-2569-27202,2026-08-04 02:59:38.612001+00
c9c7cb10-8b7c-4447-90a7-102c65c030ad,79e3f12f-bb06-4dea-838f-7ab0092a9f08,a109394f-8232-4cfb-a47e-35a2d26ea230,CERT-2569-77592,2026-08-03 06:57:27.211493+00
c9e663ed-8c1e-4b68-acd4-20ced1b7e42f,e2d71524-85d5-4954-a0ab-684be2e342e3,6007726b-5758-498b-9fc1-a4678e61d9e6,CERT-2569-23566,2026-07-28 12:44:06.884168+00
ca0926e5-f585-43de-9ed3-66c540f74c21,eb80bfce-193a-4966-bda5-87a6e1c7b871,e34c0a3a-3e74-4a18-86c9-0e8dd42a6dff,CERT-2569-23628,2026-08-05 00:57:46.587607+00
ca94f5a8-340e-48e9-a77d-66e0410eaf67,7b75c16f-ff36-4d1c-9557-f7645a32feb3,a109394f-8232-4cfb-a47e-35a2d26ea230,CERT-2569-21622,2026-07-25 03:52:51.361366+00
caa76dc0-feb7-4275-ba64-447501a0e373,a360ff02-fb19-4145-993d-3246a03db1d9,6007726b-5758-498b-9fc1-a4678e61d9e6,CERT-2569-41014,2026-07-25 04:05:58.845178+00
cad9595e-16a1-4b9c-879e-4f4419986841,79cce0aa-6120-4394-b09d-fd1b8e1625d3,6007726b-5758-498b-9fc1-a4678e61d9e6,CERT-2569-55587,2026-08-04 02:52:40.631958+00
cade274d-d647-4560-b16d-c042c01dc860,54e7d292-37e8-412b-9701-6ead643c4fde,6007726b-5758-498b-9fc1-a4678e61d9e6,CERT-2569-64402,2026-08-03 09:32:11.034221+00
cb0a5559-f8ce-48bf-860a-b91e84650d71,2b5284a0-aa05-4f39-842a-e624c9ead87a,e34c0a3a-3e74-4a18-86c9-0e8dd42a6dff,CERT-2569-38863,2026-07-27 02:34:09.563576+00
cb411820-7dc1-4fe1-9a0e-35858748d484,1f79ff54-6a1f-4049-9583-67a67503fe95,e34c0a3a-3e74-4a18-86c9-0e8dd42a6dff,CERT-2569-44524,2026-07-23 05:55:29.869711+00
cbb95afe-53ee-4c19-a0e8-36286c9049b1,e300b36e-5818-4c75-8cf9-c7f8ec2ab2a6,a109394f-8232-4cfb-a47e-35a2d26ea230,CERT-2569-15578,2026-07-27 06:37:02.73381+00
cc2d80e7-32f6-4bf0-99ba-cb73dbc030c6,1b5f3031-ee86-408d-9cc9-3668b6430a1d,a109394f-8232-4cfb-a47e-35a2d26ea230,CERT-2569-30674,2026-07-26 14:11:18.893024+00
cc51f2d5-8054-4b39-942f-701c58a677dd,e0669abd-d142-478d-b35f-a25f270f5f6e,e34c0a3a-3e74-4a18-86c9-0e8dd42a6dff,CERT-2569-45569,2026-07-25 12:42:24.036612+00
cc6add98-3e39-4203-956b-8f2fe8f535fe,0acda694-f606-4b29-85db-913bd0f4cdb1,e34c0a3a-3e74-4a18-86c9-0e8dd42a6dff,CERT-2569-62728,2026-07-25 09:53:50.434315+00
cc955ebd-ef23-448e-b397-7757b8275dce,f7e74b65-0295-403d-8c02-0e24b9a8520a,6007726b-5758-498b-9fc1-a4678e61d9e6,CERT-2569-68739,2026-08-05 01:43:51.799285+00
cd1b04de-d189-4300-a664-b75617860c76,c5f8c581-9713-4c2f-8dfc-85860ad0882f,e34c0a3a-3e74-4a18-86c9-0e8dd42a6dff,CERT-2569-13184,2026-08-04 12:47:07.276938+00
cd3fc239-98e6-4c62-a47c-3809056ea41a,400d57a2-dfa8-414e-a09c-cb124d2f1ee3,e34c0a3a-3e74-4a18-86c9-0e8dd42a6dff,CERT-2569-41432,2026-07-27 14:20:24.891211+00
ce283ffe-e8ba-4c36-9ba2-f335bba8f41b,69797a9d-f012-4898-b314-d7d268ce7b83,a109394f-8232-4cfb-a47e-35a2d26ea230,CERT-2569-34077,2026-07-25 02:36:45.100484+00
ce2b3319-7556-43d5-8d09-ae48c130038c,61aed65f-214c-4a89-91d4-d4ea06ad1937,6007726b-5758-498b-9fc1-a4678e61d9e6,CERT-2569-81224,2026-08-05 07:21:34.999757+00
ce7ef963-689a-4cfd-91dd-e0ca01fc3425,4ca0900e-4a14-4e43-976a-10bdb240b52a,e34c0a3a-3e74-4a18-86c9-0e8dd42a6dff,CERT-2569-53262,2026-08-04 04:06:57.955529+00
ce855223-71fe-4bd6-a47f-78a0b5ad71f3,b1d1ae86-bb6d-45c1-b9c5-a6c3d61534cc,6007726b-5758-498b-9fc1-a4678e61d9e6,CERT-2569-60787,2026-07-30 10:25:23.302951+00
cf0ef2a5-5b10-4072-b0f3-98980591e84c,c4579eb3-1476-42ea-a0c3-477376a97f95,6007726b-5758-498b-9fc1-a4678e61d9e6,CERT-2569-19923,2026-07-24 09:10:46.021598+00
cf2cbb1a-4deb-4e2f-b6eb-a25fa7660366,501598e3-34f3-4d3f-aa49-0f0e6a308d74,6007726b-5758-498b-9fc1-a4678e61d9e6,CERT-2569-15908,2026-07-31 07:06:48.302662+00
cfa3a13a-0f53-470e-ac76-1382d7ec44c7,21d7d266-3d34-4a3a-8af7-001160517b29,e34c0a3a-3e74-4a18-86c9-0e8dd42a6dff,CERT-2569-39202,2026-07-31 05:28:38.01515+00
cfc3a4ae-0850-4323-aab6-f2614a4f0ec4,222d7fc1-0fcd-4b1c-bcbe-4ef050794500,a109394f-8232-4cfb-a47e-35a2d26ea230,CERT-2569-67966,2026-07-31 07:19:46.518672+00
d0c7734c-1ddb-4f00-b039-d5700aabc05c,9327d669-e2c6-4755-9562-22a1fae45276,6007726b-5758-498b-9fc1-a4678e61d9e6,CERT-2569-96799,2026-07-24 04:26:28.361207+00
d112f899-335a-4dae-84b2-0b4b1a81020e,be2dd850-f107-41c3-8fff-399d2089b249,a109394f-8232-4cfb-a47e-35a2d26ea230,CERT-2569-19830,2026-07-24 12:15:33.424952+00
d178ab51-82ff-472e-9aa0-cf49c38d16ef,3af442b1-bb5e-4656-b7d9-b53298edf74a,e34c0a3a-3e74-4a18-86c9-0e8dd42a6dff,CERT-2569-73868,2026-08-06 06:20:56.414514+00
d17d8ef7-28f6-4690-9625-6ac7c93fa931,31fb1a57-2c56-4324-a290-cffc85832298,a109394f-8232-4cfb-a47e-35a2d26ea230,CERT-2569-52378,2026-07-24 06:01:43.202473+00
d1830e02-3c1c-4888-a1de-8b7f756c5554,fd2e4702-3ef1-4b76-b33b-f8646f888a89,e34c0a3a-3e74-4a18-86c9-0e8dd42a6dff,CERT-2569-48537,2026-07-25 03:30:02.144094+00
d1b3bc98-ec6d-476f-bcec-7bb78de06001,36f90ee5-7b85-41ec-a02e-66dfca39a56a,e34c0a3a-3e74-4a18-86c9-0e8dd42a6dff,CERT-2569-85192,2026-08-03 05:56:07.611546+00
d1ced05e-e676-4771-afda-c9d012c02e80,22a84ef7-8939-4e61-ae51-87954cb4ee94,a109394f-8232-4cfb-a47e-35a2d26ea230,CERT-2569-00756,2026-08-06 06:28:17.249644+00
d1d7e143-456a-4831-a68b-9dba22152911,28cb2c26-ac3d-4c91-af1f-ad2f9e9e07dd,6007726b-5758-498b-9fc1-a4678e61d9e6,CERT-2569-84574,2026-07-18 14:12:11.810156+00
d1da5f0b-0f48-485d-a6be-c113b2215b29,d13beb6e-9977-43b7-b74b-02bd1aaa8c56,e34c0a3a-3e74-4a18-86c9-0e8dd42a6dff,CERT-2569-59531,2026-07-27 13:55:14.639666+00
d2069ea6-7e17-4daf-adfe-8053f70aed1a,82bba743-792a-4eb9-8b0b-6dc6a8eb065f,a109394f-8232-4cfb-a47e-35a2d26ea230,CERT-2569-16984,2026-07-23 10:04:48.536572+00
d2307121-74a9-4b8b-8c34-803d85d0a78b,3e8d1500-9ac3-46c3-84ad-2dc7dcdc7d19,a109394f-8232-4cfb-a47e-35a2d26ea230,CERT-2569-67508,2026-07-23 13:34:18.483422+00
d249e8d6-b1e0-4d69-9612-e7f568b4b121,1b5f3031-ee86-408d-9cc9-3668b6430a1d,6007726b-5758-498b-9fc1-a4678e61d9e6,CERT-2569-58679,2026-07-26 13:02:49.870704+00
d24ad532-c3ea-4987-ab90-1cfb23418ab6,f0611e1d-a8b4-4c8b-8347-be475ef21208,a109394f-8232-4cfb-a47e-35a2d26ea230,CERT-2569-49287,2026-08-04 01:58:50.63426+00
d27ce8dd-917f-4d78-920a-59e44d2ffed1,d6721c50-a34d-4c49-94cf-5f1c261fd268,a109394f-8232-4cfb-a47e-35a2d26ea230,CERT-2569-70632,2026-07-26 11:52:09.127736+00
d2de1513-38bb-420a-83fb-d8123f7289d1,3cf00b4b-5ec5-4e44-914a-e8724246b627,a109394f-8232-4cfb-a47e-35a2d26ea230,CERT-2569-95152,2026-07-24 13:01:09.136958+00
d2ebccfd-612a-4627-9bfb-0975deba2f29,8d73f114-aa99-4809-be74-b4ceef47c891,6007726b-5758-498b-9fc1-a4678e61d9e6,CERT-2569-67044,2026-07-25 03:26:06.503452+00
d3254052-c57d-4e2e-bc86-159a1bfd709a,3337661d-810c-494f-93e4-0688c5793938,e34c0a3a-3e74-4a18-86c9-0e8dd42a6dff,CERT-2569-69503,2026-07-26 02:56:43.129391+00
d35194b3-9163-4cdb-9045-5c25be7081fd,d7e9c613-d35b-4e9f-8e25-40e81a2b2252,e34c0a3a-3e74-4a18-86c9-0e8dd42a6dff,CERT-2569-73280,2026-07-23 08:25:44.565358+00
d3592fd5-4c09-4cfc-94fe-a5624b0f3d6b,06c2b114-ade7-4275-879d-fbca08b9e78d,e34c0a3a-3e74-4a18-86c9-0e8dd42a6dff,CERT-2569-56053,2026-07-24 00:39:59.709212+00
d3663172-eb86-40a3-8c59-0d67c9c284d5,8fc84d75-b0f9-46cd-beb2-b4d8d0ebfaa8,a109394f-8232-4cfb-a47e-35a2d26ea230,CERT-2569-66478,2026-07-26 07:59:36.275586+00
d3f2ae49-8742-4531-b237-9945f36e892d,cb8ea1d5-5757-4e98-930a-e020a0966943,a109394f-8232-4cfb-a47e-35a2d26ea230,CERT-2569-75271,2026-07-25 03:01:36.510273+00
d3f8b6c1-cec2-45ea-90e3-c806988b7e50,56b3e5b4-1713-4908-aa11-21fee8268096,6007726b-5758-498b-9fc1-a4678e61d9e6,CERT-2569-87602,2026-07-23 04:09:51.789917+00
d461f666-3775-4b3a-87a8-76bdc3c45d37,4ca0900e-4a14-4e43-976a-10bdb240b52a,a109394f-8232-4cfb-a47e-35a2d26ea230,CERT-2569-36991,2026-08-04 03:58:53.997253+00
d4f603aa-9195-40ae-8cb8-698919276895,b337a470-ba46-42e8-ba00-063097265270,a109394f-8232-4cfb-a47e-35a2d26ea230,CERT-2569-04542,2026-07-24 06:55:32.342979+00
d4fc5e29-a454-4674-aa9a-edfe025a11db,cf59d937-9303-47f4-a8ed-9aca45d45b0e,e34c0a3a-3e74-4a18-86c9-0e8dd42a6dff,CERT-2569-78516,2026-07-23 04:23:11.03193+00
d508adec-8157-43ee-ba3f-54ded82e2cff,c05890c7-c524-4c93-92c6-af131704ebdf,e34c0a3a-3e74-4a18-86c9-0e8dd42a6dff,CERT-2569-01483,2026-08-04 02:40:21.41807+00
d50fab39-744e-4cc7-a334-3e2ca92aefe7,7ae54e84-4c69-4781-bc7c-62ecce821e27,6007726b-5758-498b-9fc1-a4678e61d9e6,CERT-2569-59080,2026-08-03 08:20:04.478206+00
d550a668-b007-4037-a0aa-13ccb88e8f2f,5bee6c45-2570-45f3-a315-203c36ade521,e34c0a3a-3e74-4a18-86c9-0e8dd42a6dff,CERT-2569-94638,2026-07-24 02:22:32.008166+00
d56221e4-be18-4534-b483-82b3f5827ec3,aa76a236-808d-496b-a681-2ed8ac125d49,e34c0a3a-3e74-4a18-86c9-0e8dd42a6dff,CERT-2569-62524,2026-07-23 04:00:14.251907+00
d59c651d-5d7b-460e-a170-548a05d7afc8,4856b4d5-1050-4590-8952-10112dee368c,6007726b-5758-498b-9fc1-a4678e61d9e6,CERT-2569-78814,2026-07-23 05:34:51.639918+00
d5c8729a-8b62-490d-ad9f-003681e006bb,2123969d-2a11-4eeb-9e65-b42f0e6f69f0,6007726b-5758-498b-9fc1-a4678e61d9e6,CERT-2569-37130,2026-07-25 08:33:47.275985+00
d5f6e4e3-ae3a-4abb-b229-04fb2723a7b9,7df2c6f6-b0d0-4c01-9a35-fa036edb68c7,a109394f-8232-4cfb-a47e-35a2d26ea230,CERT-2569-53614,2026-07-24 12:36:48.844963+00
d66b9a0d-dad0-4e35-aa56-26b3a77137bc,6ae07ccd-20f6-4eea-9096-40e8053007b7,6007726b-5758-498b-9fc1-a4678e61d9e6,CERT-2569-35137,2026-07-23 04:45:16.471787+00
d6a43472-0dda-4861-ae29-531397169bb6,c08868e2-3d84-44c9-8127-932e496737e0,e34c0a3a-3e74-4a18-86c9-0e8dd42a6dff,CERT-2569-83346,2026-07-23 06:02:21.829003+00
d6c5f4da-b77c-4766-9f09-9ccefc42ffcd,2c1598f7-4b14-4c33-9b54-199826c923fa,e34c0a3a-3e74-4a18-86c9-0e8dd42a6dff,CERT-2569-18169,2026-07-23 07:17:44.284998+00
d6e7e73f-3188-484f-ab38-f8c801850215,c57544e8-e9b0-43cb-acf2-7ea1f504ec52,e34c0a3a-3e74-4a18-86c9-0e8dd42a6dff,CERT-2569-89848,2026-07-24 06:34:26.595992+00
d6f866c9-2333-489b-81d7-50261b0f92e9,1d80d24d-228c-470c-8aeb-fdf8a95931f4,e34c0a3a-3e74-4a18-86c9-0e8dd42a6dff,CERT-2569-08197,2026-08-04 03:29:39.501002+00
d761bbb4-0f5c-4ea4-a637-b5eef3036e21,f0611e1d-a8b4-4c8b-8347-be475ef21208,6007726b-5758-498b-9fc1-a4678e61d9e6,CERT-2569-77294,2026-08-04 03:25:05.753371+00
d79edf41-8262-4ca4-8e66-1cceef6c4124,a09de892-7f59-40c4-9cfb-64fd6d8be867,6007726b-5758-498b-9fc1-a4678e61d9e6,CERT-2569-10174,2026-07-31 02:47:27.627016+00
d824c1f1-1d86-41bf-bb6b-d5cdc683bf8c,a5d2583d-5f50-4b68-8c69-2197315a11d3,a109394f-8232-4cfb-a47e-35a2d26ea230,CERT-2569-69675,2026-08-04 02:52:29.693872+00
d83e4d60-4d80-4c54-8098-e0e205c1442a,10c39e2b-da30-41bb-a4ae-511fc9024858,6007726b-5758-498b-9fc1-a4678e61d9e6,CERT-2569-65859,2026-08-04 03:34:07.575209+00
d841d024-b1d0-4e35-aa81-40a3340de5b4,f0efb11e-4234-4d36-b882-d81d9b92a60d,a109394f-8232-4cfb-a47e-35a2d26ea230,CERT-2569-92504,2026-08-01 09:44:07.654736+00
d8e1fc90-cce8-4566-9979-5286e9095dbb,21e4ed53-f2e3-48b6-af93-c76b64eab7cb,6007726b-5758-498b-9fc1-a4678e61d9e6,CERT-2569-78846,2026-07-24 02:57:52.969406+00
d8f9d120-d922-4ab9-968a-7a32e05dc662,abb860de-5829-44e9-aa89-118a207d8075,6007726b-5758-498b-9fc1-a4678e61d9e6,CERT-2569-80048,2026-07-30 13:55:45.289007+00
d91c2a15-29ca-4391-b97b-f3526ea9b736,fd01efbe-88db-4e3f-b318-5e0317173491,6007726b-5758-498b-9fc1-a4678e61d9e6,CERT-2569-20797,2026-07-23 05:57:52.145742+00
da2975ba-20fb-4115-848c-51936ec1c2dd,95735229-fc26-4fc3-95c7-10203733b02c,6007726b-5758-498b-9fc1-a4678e61d9e6,CERT-2569-10425,2026-07-30 07:07:13.56725+00
dab3070a-6a1c-4af9-b21a-f48b8e2cb025,ed5a2d8d-90fb-4d5b-9f86-3f27cb7f80f1,a109394f-8232-4cfb-a47e-35a2d26ea230,CERT-2569-88834,2026-07-26 15:54:36.568052+00
db6096a2-0adc-49ea-b764-adf3326c8383,be2dd850-f107-41c3-8fff-399d2089b249,e34c0a3a-3e74-4a18-86c9-0e8dd42a6dff,CERT-2569-17158,2026-07-24 12:01:57.10995+00
db9429cd-0908-4979-81aa-6373c2de1ccb,a29ecb6b-4cf8-49dd-bfb7-58fcfe818384,6007726b-5758-498b-9fc1-a4678e61d9e6,CERT-2569-72578,2026-07-23 06:54:59.572026+00
dbf9175e-f94b-4b67-aeb8-02b02be5ba30,216f60ec-f617-42ee-b762-4f5bb4960e00,e34c0a3a-3e74-4a18-86c9-0e8dd42a6dff,CERT-2569-74807,2026-07-23 06:10:35.65656+00
dc14d762-0b13-439a-8315-fb81ff2cd680,8d484a47-0bb1-4e16-a0de-21d3107e4313,a109394f-8232-4cfb-a47e-35a2d26ea230,CERT-2569-14953,2026-07-24 09:40:02.633788+00
dc3be251-50bd-4ba7-a099-cd8a1677d388,54e7d292-37e8-412b-9701-6ead643c4fde,e34c0a3a-3e74-4a18-86c9-0e8dd42a6dff,CERT-2569-05149,2026-08-04 10:30:41.759327+00
dc5e8ea4-bf4c-42ce-bd91-686fc3429c16,ea03bd6a-5a57-43ea-9c1e-0bec5a837b32,a109394f-8232-4cfb-a47e-35a2d26ea230,CERT-2569-76898,2026-08-03 14:04:12.370381+00
dccaeb5e-bcee-4396-a287-2a4ae14a8df7,3e8b535b-178b-476a-b7f8-743a2ad8c411,e34c0a3a-3e74-4a18-86c9-0e8dd42a6dff,CERT-2569-67503,2026-07-30 07:07:54.644904+00
dd7c9d8d-20a0-43ee-a766-a045003d1310,816a4473-9243-47f4-a9d4-fe080977f4c4,a109394f-8232-4cfb-a47e-35a2d26ea230,CERT-2569-79638,2026-07-23 08:13:26.98365+00
dda0c79d-e588-4562-877a-2fe5d4085b70,653d2b0e-2d04-413d-a23f-3debd7b0e197,a109394f-8232-4cfb-a47e-35a2d26ea230,CERT-2569-30336,2026-07-31 12:47:13.76574+00
de1fe50d-de41-4d11-9167-d93566e8b4f3,edd025aa-9957-42a6-9659-0814b2fc4e68,a109394f-8232-4cfb-a47e-35a2d26ea230,CERT-2569-91137,2026-07-24 08:04:49.851806+00
de524763-0575-4774-9247-f2b070a6ee4e,5ce9c999-8cbe-4090-a9b5-2121d86def03,e34c0a3a-3e74-4a18-86c9-0e8dd42a6dff,CERT-2569-10811,2026-07-23 09:58:35.675887+00
de65f733-e27c-4562-a3e2-bacafc2b6058,cb8ea1d5-5757-4e98-930a-e020a0966943,6007726b-5758-498b-9fc1-a4678e61d9e6,CERT-2569-71650,2026-07-25 03:25:25.304635+00
df0fc053-138e-4830-8cd6-d112cdbcfe13,64814519-8267-4b0c-83f7-b00e7baea2f2,6007726b-5758-498b-9fc1-a4678e61d9e6,CERT-2569-21382,2026-08-04 03:58:37.476037+00
df919e4c-8873-409f-a074-17eb0e550b37,7b61b7ee-2f9c-48e8-bfb5-0e62082308f0,a109394f-8232-4cfb-a47e-35a2d26ea230,CERT-2569-93351,2026-08-03 05:56:01.208462+00
dfa2ccd3-860a-40cf-9a90-32e548dd799d,05de5fa6-08fa-452c-83d7-148e8458edf0,6007726b-5758-498b-9fc1-a4678e61d9e6,CERT-2569-97396,2026-07-27 07:43:59.448791+00
dfbea4fe-298a-4b8f-8693-79c85c06a1a0,3fe0fa45-4846-4423-b8b7-49306cdf5323,a109394f-8232-4cfb-a47e-35a2d26ea230,CERT-2569-89363,2026-07-29 05:22:25.60265+00
dfdb3263-25e2-4937-9bca-5b977df13eaa,e9965c77-4900-477f-a771-e12329d7f1fb,e34c0a3a-3e74-4a18-86c9-0e8dd42a6dff,CERT-2569-90414,2026-07-31 10:08:48.560522+00
e00f5f98-77d1-47c0-b947-e71f775863cc,1f2271b1-43a1-4d7d-90a9-cfc14e3625b9,e34c0a3a-3e74-4a18-86c9-0e8dd42a6dff,CERT-2569-62482,2026-07-25 04:07:17.786161+00
e067c1e4-03b0-483f-9b3c-bb4d96a02ac0,263268a2-7bce-4373-b2e6-15617046147f,6007726b-5758-498b-9fc1-a4678e61d9e6,CERT-2569-29084,2026-07-23 08:52:34.070518+00
e06bfb27-29ac-4353-a189-a16db611c2c0,cf30660a-aef9-4e40-9e20-e823e8c485c8,6007726b-5758-498b-9fc1-a4678e61d9e6,CERT-2569-92485,2026-07-23 06:00:26.447019+00
e0a6ba29-0996-41ac-a2e0-4481f501d339,90b8ae8e-dab6-44b7-90a2-bde0746931e2,e34c0a3a-3e74-4a18-86c9-0e8dd42a6dff,CERT-2569-31183,2026-07-23 05:59:12.759372+00
e14df16b-3cc3-4605-8f5f-bfbab04655f2,36f90ee5-7b85-41ec-a02e-66dfca39a56a,6007726b-5758-498b-9fc1-a4678e61d9e6,CERT-2569-52934,2026-08-03 06:10:30.898966+00
e17b00d8-b598-47ae-ac04-a4e48cdc9553,2f80c6e9-3301-49a0-b2f2-e137ec2badd6,a109394f-8232-4cfb-a47e-35a2d26ea230,CERT-2569-34557,2026-08-05 05:23:01.442027+00
e1d511a2-098f-4944-b43f-d3e9a07bedff,2c9535a0-20ab-4878-aff0-ce8b13b5f635,6007726b-5758-498b-9fc1-a4678e61d9e6,CERT-2569-20726,2026-07-29 16:56:17.010045+00
e24ea560-1e11-4e0b-bed9-4ee1b2c8ff28,2b5284a0-aa05-4f39-842a-e624c9ead87a,a109394f-8232-4cfb-a47e-35a2d26ea230,CERT-2569-57250,2026-07-27 02:19:14.449549+00
e274a519-ba9c-43fa-a653-0f78b0e04cbe,d1042950-a3db-43ea-afca-429efe04dbeb,6007726b-5758-498b-9fc1-a4678e61d9e6,CERT-2569-39355,2026-07-23 06:03:24.515407+00
e2b4d024-83aa-4d35-85cc-fcf8578b7358,82a528df-b5f8-4086-8406-bc217ba4ef69,6007726b-5758-498b-9fc1-a4678e61d9e6,CERT-2569-88693,2026-07-30 04:08:21.913788+00
e35b11cf-13c3-4bb2-b85f-a90f25c98652,f8771650-10ef-4233-a4cf-ba0d56316a70,6007726b-5758-498b-9fc1-a4678e61d9e6,CERT-2569-26466,2026-07-26 09:06:57.022439+00
e3c1f57a-915f-4fe1-86d9-ebc8bcace924,0b6842ab-9683-4f49-968d-69cfd14c58fb,e34c0a3a-3e74-4a18-86c9-0e8dd42a6dff,CERT-2569-53015,2026-07-27 13:04:19.70337+00
e42b4c7d-c8f4-458b-813e-c64ef9c1ffb7,7cb7619f-5ff4-4cab-aa58-c0621ac0f4f0,6007726b-5758-498b-9fc1-a4678e61d9e6,CERT-2569-66606,2026-07-23 06:18:55.881503+00
e498fada-6c39-49d1-8c3c-29cdd117c8ed,56b3e5b4-1713-4908-aa11-21fee8268096,a109394f-8232-4cfb-a47e-35a2d26ea230,CERT-2569-16585,2026-07-23 05:54:03.976229+00
e4b08271-87d2-4d00-bfe4-08da6f9355f8,72f1c018-326c-49d5-bbf8-2d1e05ae5732,e34c0a3a-3e74-4a18-86c9-0e8dd42a6dff,CERT-2569-84113,2026-07-31 06:11:27.016354+00
e4c8313c-5ef2-4354-9666-88a6c5f4bf22,9a714bb6-5631-4ea8-90c0-e5c13b02421f,e34c0a3a-3e74-4a18-86c9-0e8dd42a6dff,CERT-2569-95235,2026-08-05 06:48:44.122635+00
e4ef1520-6afc-4177-bb72-8cc1f455b0ee,9f5ec083-bf84-4d75-8220-f4372102df4c,6007726b-5758-498b-9fc1-a4678e61d9e6,CERT-2569-78651,2026-08-05 04:26:26.450082+00
e5694c18-3b1e-4475-98c0-80540da3aa7c,5ce9c999-8cbe-4090-a9b5-2121d86def03,a109394f-8232-4cfb-a47e-35a2d26ea230,CERT-2569-36048,2026-07-23 10:13:14.872774+00
e576f7ab-31c3-4c15-b9f8-853a899638b0,d13beb6e-9977-43b7-b74b-02bd1aaa8c56,a109394f-8232-4cfb-a47e-35a2d26ea230,CERT-2569-71285,2026-07-27 14:10:29.064111+00
e636fbaf-f9f1-45b1-9b7e-9b17f548a15d,19176798-8ae8-4eb5-8cc4-acc580070892,a109394f-8232-4cfb-a47e-35a2d26ea230,CERT-2569-01411,2026-07-23 04:16:43.058223+00
e64e980a-3f08-429c-b22a-17173dfe53cc,52cb72ff-4e13-482a-af46-f76979310ca6,6007726b-5758-498b-9fc1-a4678e61d9e6,CERT-2569-73399,2026-08-05 03:16:02.152782+00
e6d1cedf-46f2-48af-8d06-d59032affc2b,a413f424-cb05-4421-b10a-4c1567c78b61,e34c0a3a-3e74-4a18-86c9-0e8dd42a6dff,CERT-2569-38341,2026-07-23 08:19:58.398543+00
e707ef51-c42e-4926-9f72-fc264f949465,8d6cf286-748d-4a97-9f5f-a6216dce7dc5,6007726b-5758-498b-9fc1-a4678e61d9e6,CERT-2569-82362,2026-07-23 07:21:01.961513+00
e7113e40-616b-40ea-87f0-3308c13f464a,e635097d-f392-45fa-bccf-d75bfb07060c,a109394f-8232-4cfb-a47e-35a2d26ea230,CERT-2569-65765,2026-07-31 09:35:56.62157+00
e7b84047-6419-4fd3-bb0e-867b1e9df89f,3f5eeaf9-1aa0-4a18-808c-6e483b14f016,a109394f-8232-4cfb-a47e-35a2d26ea230,CERT-2569-33499,2026-08-06 00:50:27.561475+00
e868f4d7-f193-4faf-b262-57edcc30106f,126ea45c-6a63-448a-bb8f-504f92c7a1a6,6007726b-5758-498b-9fc1-a4678e61d9e6,CERT-2569-33820,2026-07-23 07:54:15.321808+00
e889df78-743c-40a9-ad8f-470bec8b5f09,247897ff-6546-4055-a53c-693aa8a90318,a109394f-8232-4cfb-a47e-35a2d26ea230,CERT-2569-60453,2026-07-25 07:02:33.776289+00
e8bffca6-b89a-4ea0-b18c-a19f1263cd32,5ef1a556-2f75-48a1-9f5a-c4877e6e70a1,6007726b-5758-498b-9fc1-a4678e61d9e6,CERT-2569-47395,2026-08-03 04:49:00.927105+00
e8c5bf9e-da92-4f1d-89de-2ebec906bfee,36f90ee5-7b85-41ec-a02e-66dfca39a56a,a109394f-8232-4cfb-a47e-35a2d26ea230,CERT-2569-54787,2026-08-03 05:48:41.471668+00
e91cabcb-8746-49d1-a14d-a910ab4c8e50,20293ec4-ca2c-4076-a978-70d9c2c9e86a,6007726b-5758-498b-9fc1-a4678e61d9e6,CERT-2569-44927,2026-07-23 08:33:41.666663+00
e931b125-249c-4750-8c32-c378013e6195,cf30660a-aef9-4e40-9e20-e823e8c485c8,e34c0a3a-3e74-4a18-86c9-0e8dd42a6dff,CERT-2569-22934,2026-07-23 06:09:14.077639+00
e9809b56-815d-43a5-b38d-ec33c80a2783,51a9ba47-ba66-4807-a787-731225ed63c7,e34c0a3a-3e74-4a18-86c9-0e8dd42a6dff,CERT-2569-33946,2026-07-27 08:25:37.262807+00
e9861e60-a1e3-4d7d-af99-4808c6fbd927,5bee6c45-2570-45f3-a315-203c36ade521,a109394f-8232-4cfb-a47e-35a2d26ea230,CERT-2569-19423,2026-07-24 02:05:32.716772+00
e996c1a6-c4e0-4b1d-84be-9fd8312bd8a2,d6721c50-a34d-4c49-94cf-5f1c261fd268,e34c0a3a-3e74-4a18-86c9-0e8dd42a6dff,CERT-2569-59127,2026-07-26 12:07:44.797647+00
e9de83d3-6f13-4638-bb12-1d1fea3469c0,9327d669-e2c6-4755-9562-22a1fae45276,e34c0a3a-3e74-4a18-86c9-0e8dd42a6dff,CERT-2569-65426,2026-07-24 04:23:20.963163+00
e9e0ad79-0470-4851-9181-63be905f0055,e3c93d8f-a51b-44d0-b717-15146c8a26a1,e34c0a3a-3e74-4a18-86c9-0e8dd42a6dff,CERT-2569-75868,2026-07-23 08:19:57.358633+00
e9f6bbc4-1e2a-4493-a715-c7ff2cfe7345,d2e30207-2f63-44c4-9866-1ddfd6eb4b2e,6007726b-5758-498b-9fc1-a4678e61d9e6,CERT-2569-44416,2026-07-29 16:19:16.8015+00
ea289672-d264-4954-9880-305fc0615c8b,1b5f3031-ee86-408d-9cc9-3668b6430a1d,e34c0a3a-3e74-4a18-86c9-0e8dd42a6dff,CERT-2569-76292,2026-07-26 13:26:00.653466+00
ea32162a-8801-4afb-b4cf-2d83e65dcc24,d709b316-f986-4261-afa6-65099142c916,a109394f-8232-4cfb-a47e-35a2d26ea230,CERT-2569-98544,2026-08-07 06:15:03.248557+00
ea46a4c4-d9e0-4772-a62d-dca9d5c5d394,7df2c6f6-b0d0-4c01-9a35-fa036edb68c7,e34c0a3a-3e74-4a18-86c9-0e8dd42a6dff,CERT-2569-69612,2026-07-24 12:34:01.34124+00
ea4b0970-f73c-41a5-9b6c-c0b42f9114ba,3e8b535b-178b-476a-b7f8-743a2ad8c411,6007726b-5758-498b-9fc1-a4678e61d9e6,CERT-2569-77322,2026-07-30 06:57:27.733829+00
ea55d796-8dad-4b34-aab7-6cd51d36c087,aa0fcc48-0275-4ed1-b786-f9c1419b1dc8,a109394f-8232-4cfb-a47e-35a2d26ea230,CERT-2569-40056,2026-08-06 10:03:43.558655+00
eab5ea2e-9328-40b6-917d-fc10ce7242c3,2fd13300-6da7-443b-be95-60634552a4d7,e34c0a3a-3e74-4a18-86c9-0e8dd42a6dff,CERT-2569-78645,2026-07-26 06:14:40.761036+00
ebb88765-7c1e-4f11-a5a5-c3288eff458f,80ca4e31-dfa9-456d-864a-e10755826372,6007726b-5758-498b-9fc1-a4678e61d9e6,CERT-2569-47878,2026-08-04 09:14:36.323022+00
ebd529e1-6a58-482b-b38e-89161702cb08,1fc41ca6-5b87-4cfa-a586-1d0dff3d1470,e34c0a3a-3e74-4a18-86c9-0e8dd42a6dff,CERT-2569-11195,2026-07-23 04:38:34.209986+00
ec662fc6-1f59-4ca1-80fa-52e450c14f42,208cfbac-69dd-4883-a784-63fa8564d752,6007726b-5758-498b-9fc1-a4678e61d9e6,CERT-2569-09398,2026-08-04 08:31:26.106562+00
ec96d969-2a7e-4c57-880e-e75d15cb115b,3503c394-5000-4034-8e1c-4520805e035c,a109394f-8232-4cfb-a47e-35a2d26ea230,CERT-2569-36702,2026-07-23 08:39:32.315462+00
ed454108-36e2-4bdf-bd7f-405f7199843f,c191c8e2-3703-4883-aaaa-2bff004318dc,6007726b-5758-498b-9fc1-a4678e61d9e6,CERT-2569-55553,2026-08-04 06:57:27.869921+00
ede31ce6-783c-46c4-8a34-9be123412089,d61e875b-5bc8-4667-ad68-c0086c7eb0f1,a109394f-8232-4cfb-a47e-35a2d26ea230,CERT-2569-96245,2026-07-23 07:26:42.974136+00
edf888c2-67dd-4387-8674-8aa701a3984f,f2a7434e-89c1-4678-9ceb-e0ed431a60e6,a109394f-8232-4cfb-a47e-35a2d26ea230,CERT-2569-14558,2026-07-25 03:12:05.277124+00
ee6298cd-1fac-4fbf-b6b9-ef4b1a03586e,18f193cd-ae93-42f7-8e83-8171aaf6bd02,a109394f-8232-4cfb-a47e-35a2d26ea230,CERT-2569-31791,2026-08-01 01:51:44.527047+00
ee8ec794-b3bc-4a06-bdec-de1b18a383a9,88718af4-e14b-4699-82eb-eabc80faefa9,e34c0a3a-3e74-4a18-86c9-0e8dd42a6dff,CERT-2569-97053,2026-07-23 08:58:20.105068+00
eeac4099-c161-4d5d-b4d2-5bf88c579da3,3337661d-810c-494f-93e4-0688c5793938,6007726b-5758-498b-9fc1-a4678e61d9e6,CERT-2569-47101,2026-07-26 02:52:45.508541+00
eec87559-28ce-439e-a481-d6d653941b5a,c5a100bc-cabb-46df-bab2-5f48dd69cfcd,e34c0a3a-3e74-4a18-86c9-0e8dd42a6dff,CERT-2569-46558,2026-08-04 17:51:34.215997+00
ef469071-a5f8-40c4-932e-dc6b53e38047,c7a40d80-da2f-4400-b9fe-798df6cbb4c4,a109394f-8232-4cfb-a47e-35a2d26ea230,CERT-2569-88469,2026-08-01 07:56:02.294736+00
ef6babc7-ae71-4dd6-8a73-3a7ec910fc61,79e3f12f-bb06-4dea-838f-7ab0092a9f08,6007726b-5758-498b-9fc1-a4678e61d9e6,CERT-2569-67020,2026-08-03 07:22:04.062029+00
ef79681f-9ae2-4e92-b319-e61d01e39fe3,c5a100bc-cabb-46df-bab2-5f48dd69cfcd,6007726b-5758-498b-9fc1-a4678e61d9e6,CERT-2569-54460,2026-08-04 18:01:23.544049+00
efb1d83d-8779-4fa9-9f27-35e8cb153682,eeefea45-6383-49a2-be03-a8f91aeb151d,e34c0a3a-3e74-4a18-86c9-0e8dd42a6dff,CERT-2569-23329,2026-07-29 04:24:21.030372+00
eff51d49-ad6c-4f7f-a3c8-c2572587a87e,10ccf1e3-bae1-4ee5-bc15-d1d505b6a7a5,6007726b-5758-498b-9fc1-a4678e61d9e6,CERT-2569-44843,2026-07-30 09:54:17.225601+00
f045b2f7-1648-4a0d-946a-fb7e72f78fea,f8bbe641-6e22-41e9-975e-381351f3ba6d,a109394f-8232-4cfb-a47e-35a2d26ea230,CERT-2569-51224,2026-07-23 06:30:05.574087+00
f0557501-106a-45c7-8af9-9018f03921fd,c0c6f0af-aa48-4056-9af6-46fceb7f54f5,e34c0a3a-3e74-4a18-86c9-0e8dd42a6dff,CERT-2569-77632,2026-07-29 04:09:20.155497+00
f0b9d74d-4676-4720-8188-996cdcd7320d,602465ef-4a4a-45b0-9025-d639790c5ad7,e34c0a3a-3e74-4a18-86c9-0e8dd42a6dff,CERT-2569-95204,2026-07-23 09:03:20.070848+00
f0bdae3e-1adb-4e51-b55a-2be219fde8b8,582e44de-62e2-42aa-8af2-2bebd88cbc9e,6007726b-5758-498b-9fc1-a4678e61d9e6,CERT-2569-41216,2026-07-24 08:34:12.411328+00
f11654dd-b4f7-4bdb-8b08-bde5cc9d7095,222d7fc1-0fcd-4b1c-bcbe-4ef050794500,e34c0a3a-3e74-4a18-86c9-0e8dd42a6dff,CERT-2569-53564,2026-07-30 10:19:54.054369+00
f12ac3ad-65cd-4546-bd0a-a9cef472ecda,29bfeb4a-ddb8-47a1-86ad-55a8062c28f5,e34c0a3a-3e74-4a18-86c9-0e8dd42a6dff,CERT-2569-05848,2026-07-23 06:45:27.45267+00
f153df1c-d016-45b3-bfad-1843c963549e,b89e2a47-bbef-46f0-92e0-dc5aa150dabb,6007726b-5758-498b-9fc1-a4678e61d9e6,CERT-2569-75132,2026-07-24 07:57:36.518063+00
f235eb3d-e142-4a58-b7b1-21b9efa969c5,b10a34ba-51d7-41b9-8bbf-4d161ba04899,a109394f-8232-4cfb-a47e-35a2d26ea230,CERT-2569-82136,2026-08-05 06:40:54.110306+00
f262dfae-4170-49aa-b301-2e928aac4779,72102daf-00aa-439b-ba4a-d82ac5fdd031,e34c0a3a-3e74-4a18-86c9-0e8dd42a6dff,CERT-2569-49113,2026-08-04 04:45:46.899504+00
f28add25-6629-47b3-869b-b0281b262fb5,9980329f-ad10-4ece-8fcb-5852ca8b937a,a109394f-8232-4cfb-a47e-35a2d26ea230,CERT-2569-64184,2026-07-31 01:32:43.008635+00
f2ce17cb-de86-4cf2-baa9-6194091c4660,c7a40d80-da2f-4400-b9fe-798df6cbb4c4,6007726b-5758-498b-9fc1-a4678e61d9e6,CERT-2569-41925,2026-08-01 07:47:47.216506+00
f2f9ad8e-c21d-4a41-973d-e27627aae8a5,25aa8475-f821-4749-9ce0-0c805b7b7c00,6007726b-5758-498b-9fc1-a4678e61d9e6,CERT-2569-66333,2026-08-04 02:30:12.106563+00
f39772ac-d07b-41c9-89d8-92cece2115fe,96482921-68ce-4f88-a3ee-096821196f01,6007726b-5758-498b-9fc1-a4678e61d9e6,CERT-2569-49860,2026-07-23 11:24:22.525488+00
f3a3fd9b-7bbe-48a2-9cb6-67643db9b01d,5cb0dfca-7a11-4aab-b993-dcec37454254,a109394f-8232-4cfb-a47e-35a2d26ea230,CERT-2569-66612,2026-08-04 14:18:57.399358+00
f3b01625-b4ab-4262-af87-12fd74c6c780,01492982-f355-453a-a7ea-e91aa30ccfda,a109394f-8232-4cfb-a47e-35a2d26ea230,CERT-2569-29580,2026-07-25 10:09:31.841271+00
f3b50661-dd34-493f-aae4-8e41f1ca650a,82bba743-792a-4eb9-8b0b-6dc6a8eb065f,6007726b-5758-498b-9fc1-a4678e61d9e6,CERT-2569-64321,2026-07-23 09:38:22.256062+00
f411e91e-bda7-4129-83d1-5b63b72d856b,29bfeb4a-ddb8-47a1-86ad-55a8062c28f5,6007726b-5758-498b-9fc1-a4678e61d9e6,CERT-2569-18255,2026-07-23 06:36:11.555943+00
f4d219c5-a4e7-4fb2-bdfb-706fee28fa22,238ee4ff-255b-4709-bdd0-4a4f6b2358c0,a109394f-8232-4cfb-a47e-35a2d26ea230,CERT-2569-78310,2026-07-23 04:58:08.07812+00
f52dda6a-0b86-46d6-99ef-3a97070f78d9,fdb51546-74f9-44a9-b7a7-5b3ad944939b,e34c0a3a-3e74-4a18-86c9-0e8dd42a6dff,CERT-2569-12901,2026-07-28 11:26:02.17393+00
f57f1d23-656e-479f-973b-007050a61913,216f60ec-f617-42ee-b762-4f5bb4960e00,a109394f-8232-4cfb-a47e-35a2d26ea230,CERT-2569-61847,2026-07-23 06:30:50.410558+00
f5ace41a-0940-4f59-89a9-cedd3e876dad,4269221e-4eba-46d3-a2e3-555988891e36,a109394f-8232-4cfb-a47e-35a2d26ea230,CERT-2569-25952,2026-07-24 06:44:00.906308+00
f5f60471-6fe4-4365-b431-0a38078b6152,33b622e2-2613-4ebc-ab15-d79cd7211938,6007726b-5758-498b-9fc1-a4678e61d9e6,CERT-2569-63342,2026-08-03 07:14:30.330822+00
f6230311-3a48-491f-a55b-7032ac31d4a2,ad906dad-320c-451f-be06-1141f65ed44f,a109394f-8232-4cfb-a47e-35a2d26ea230,CERT-2569-80839,2026-07-23 10:29:51.228938+00
f631e476-1e41-4510-9031-6fd51a3edff9,b10a34ba-51d7-41b9-8bbf-4d161ba04899,e34c0a3a-3e74-4a18-86c9-0e8dd42a6dff,CERT-2569-05950,2026-08-05 06:49:28.434539+00
f64dd1c4-0f33-42ea-8d7a-18a4a4ff8275,2ed441de-4477-452b-a66e-70ff7ff0785c,e34c0a3a-3e74-4a18-86c9-0e8dd42a6dff,CERT-2569-16042,2026-07-23 08:50:36.522123+00
f6566981-ead6-4a89-8f3b-49894807a434,4c71b600-bfef-4eb7-a8b8-a87c7aca0cd4,6007726b-5758-498b-9fc1-a4678e61d9e6,CERT-2569-53944,2026-08-04 03:38:39.316988+00
f6a81b18-67a4-43eb-ae22-46a2340460c7,013949c0-4e26-4710-9f56-485b4a2be99e,e34c0a3a-3e74-4a18-86c9-0e8dd42a6dff,CERT-2569-24251,2026-07-23 10:52:58.127844+00
f7722aa5-8d1f-490c-b703-ea41e9f52bbf,df9bb025-4928-4d52-b6fc-04647feaab7f,a109394f-8232-4cfb-a47e-35a2d26ea230,CERT-2569-28056,2026-07-07 07:05:23.441321+00
f7e0940a-e73c-41c0-83fe-43d18dd1f6ca,58d681fa-3285-4e3d-a0e7-14d8ab09474c,a109394f-8232-4cfb-a47e-35a2d26ea230,CERT-2569-20528,2026-07-23 06:43:17.02662+00
f8c35916-3faa-4a8b-864a-9c25d2c54f33,860af250-6a07-4ab2-a561-c81f32d90c81,e34c0a3a-3e74-4a18-86c9-0e8dd42a6dff,CERT-2569-73354,2026-07-24 09:55:56.089957+00
f8d5b2d8-0177-43ef-9e97-d10417284f61,34fda2a9-bc96-482b-ad1d-8045760e34b6,6007726b-5758-498b-9fc1-a4678e61d9e6,CERT-2569-35041,2026-07-23 10:25:37.231901+00
f91df0ab-2568-439a-a2b2-80a1c1852049,18e40cbf-7dcb-4762-9246-18e18b030b40,e34c0a3a-3e74-4a18-86c9-0e8dd42a6dff,CERT-2569-17946,2026-07-26 02:01:05.699349+00
f9b86e98-e92e-44cb-a406-8476555ef7a2,6a758596-03b6-4c25-aeb3-b95212240596,e34c0a3a-3e74-4a18-86c9-0e8dd42a6dff,CERT-2569-50098,2026-07-24 07:53:02.696175+00
fa7fbcff-de17-4077-8a46-9442c7bda15e,2123969d-2a11-4eeb-9e65-b42f0e6f69f0,a109394f-8232-4cfb-a47e-35a2d26ea230,CERT-2569-52150,2026-07-25 08:47:49.757879+00
fa992f88-8fc0-415d-9615-12273bdcfeeb,b1d1ae86-bb6d-45c1-b9c5-a6c3d61534cc,e34c0a3a-3e74-4a18-86c9-0e8dd42a6dff,CERT-2569-20926,2026-07-30 10:32:40.826014+00
faf0fcf5-9787-477d-a528-eee550f61280,7bb875c9-53f4-4c36-8aeb-b8dcdc6fd740,a109394f-8232-4cfb-a47e-35a2d26ea230,CERT-2569-21671,2026-07-25 07:42:00.4366+00
faf417c4-e5e8-4896-a637-496f05d9b377,719cd16f-a5c9-4e96-b08d-82dbea05c671,e34c0a3a-3e74-4a18-86c9-0e8dd42a6dff,CERT-2569-79994,2026-08-07 08:46:01.943945+00
fb1124e7-e777-4100-bd8b-38edb206e9e3,602465ef-4a4a-45b0-9025-d639790c5ad7,a109394f-8232-4cfb-a47e-35a2d26ea230,CERT-2569-98865,2026-07-23 06:46:48.95336+00
fcb5013f-131f-442c-956f-a98289b2e7bc,7ae54e84-4c69-4781-bc7c-62ecce821e27,e34c0a3a-3e74-4a18-86c9-0e8dd42a6dff,CERT-2569-43786,2026-08-03 08:31:42.44783+00
fccb420d-7c50-4555-8724-34e16cb42142,1f79ff54-6a1f-4049-9583-67a67503fe95,a109394f-8232-4cfb-a47e-35a2d26ea230,CERT-2569-99928,2026-07-23 05:30:54.643774+00
fcd6a947-2f0e-4f09-89b4-e615131777b1,3fe0fa45-4846-4423-b8b7-49306cdf5323,6007726b-5758-498b-9fc1-a4678e61d9e6,CERT-2569-31551,2026-07-29 07:30:22.258487+00
fd6a2d99-0b51-4618-aef2-fa3a3132002d,8c23035e-3366-4f12-ac0c-d01cc4205eac,e34c0a3a-3e74-4a18-86c9-0e8dd42a6dff,CERT-2569-10715,2026-08-04 14:13:41.421039+00
fd6d3d06-6022-4275-90b0-9e48b084df68,80ca4e31-dfa9-456d-864a-e10755826372,e34c0a3a-3e74-4a18-86c9-0e8dd42a6dff,CERT-2569-25170,2026-08-04 09:28:20.156881+00
fd71bf0c-7971-465e-93f3-767823aa87a0,a09de892-7f59-40c4-9cfb-64fd6d8be867,a109394f-8232-4cfb-a47e-35a2d26ea230,CERT-2569-41931,2026-08-03 07:37:32.534768+00
fe4bf9eb-f411-4ec8-9814-82853ae3fa05,2490cd5c-2bf7-4acb-bbec-0cb94a8d98aa,e34c0a3a-3e74-4a18-86c9-0e8dd42a6dff,CERT-2569-05131,2026-07-25 10:15:59.998015+00
fed79472-91ce-4628-ba30-7f40d1ea25a4,1f79ff54-6a1f-4049-9583-67a67503fe95,6007726b-5758-498b-9fc1-a4678e61d9e6,CERT-2569-64063,2026-07-23 05:01:24.785144+00
ff3a24c4-1cd0-48d3-af2a-c431d3e36a10,3f21ad02-d43f-4aa0-9d8f-ef468368000b,6007726b-5758-498b-9fc1-a4678e61d9e6,CERT-2569-55030,2026-07-27 09:04:12.544776+00
ff86b8aa-aa5b-4863-a8da-9817a0bf6a5f,9a70030d-f206-4526-9187-85101d23a6b6,a109394f-8232-4cfb-a47e-35a2d26ea230,CERT-2569-56441,2026-08-03 06:08:07.549313+00
ffa3da66-8c68-473c-99b2-e4a934a83776,e4defeaa-f2c7-4164-ab5c-477686b58a4d,a109394f-8232-4cfb-a47e-35a2d26ea230,CERT-2569-99721,2026-07-23 08:46:11.229289+00
ffdea113-e88c-49ea-be45-b3101e2723e6,44e151ee-1a44-43c8-a927-2ba24945f61c,6007726b-5758-498b-9fc1-a4678e61d9e6,CERT-2569-65056,2026-08-05 03:35:46.507363+00
ffe42b3e-79e2-4d53-a329-afeee5175fb0,999bf664-b984-40e0-aec8-ab8265176074,a109394f-8232-4cfb-a47e-35a2d26ea230,CERT-2569-69408,2026-07-27 06:33:13.512552+00
fff3eec9-380d-45c3-8f07-ad487ab08b5d,841a5e1a-6f1b-4f63-9995-2aab86e72710,e34c0a3a-3e74-4a18-86c9-0e8dd42a6dff,CERT-2569-64781,2026-07-23 07:41:25.992956+00
fffcde49-f997-4983-b615-30ed2145ef44,bdae38e2-bc07-4ae3-b54d-bf3050618a30,e34c0a3a-3e74-4a18-86c9-0e8dd42a6dff,CERT-2569-49636,2026-07-23 06:08:21.54359+00